wallet_id,transaction_value,frequency,geolocation
1138f11b-fb16-460b-a196-7ed84743e496,2096.1889089592323,2,"-18.652277,-33.836497"
6d230032-392f-4cc5-8730-6da8ae397244,1957.7042483412565,3,"84.051642,-108.566388"
48c482a2-f6c1-42af-a68c-3e06bbdb2935,3996.7247138543034,9,"22.858581,-10.468551"
b384e448-0966-4067-9f27-aeeafff06073,3634.481687355718,1,"-17.6347615,157.715994"
a2dd088d-0589-4a91-b574-6c613dc54d8b,3885.6506681803685,4,"-80.602584,-70.029403"
53bced0b-04c2-46a0-817a-244e0fba0c69,236.99561080134754,2,"-22.720885,148.944356"
3b228469-52f8-4a76-bf44-5de748bafeb6,1583.1195651538044,8,"10.2588175,-14.520026"
45b99dcf-64e6-4abe-b43b-4e488ac5c41a,2296.2779608304636,9,"-29.243281,-2.838825"
0dcd1334-1e07-489f-b6c9-14d030e1480c,4544.267759012696,8,"-83.122906,-90.990882"
30669ea8-94fb-4cc9-85f4-1e036844812b,4573.763235296597,2,"26.5855885,92.397534"
2262c4a9-1873-40f2-836c-72839bd9c42c,203.4722908021472,5,"31.7162805,-68.465947"
90de93db-f9d7-4d15-83d4-7c3c946bf3b6,1935.496144559495,2,"27.4633745,17.788174"
720fe58d-f853-462b-bfd6-e0ba9e7fb3d4,3020.4045406953765,5,"-62.398537,-115.084140"
09a17e36-f5e2-48d8-961d-ec6f64c7a279,3743.8948680435897,7,"28.7835905,-44.975183"
a4048128-dfe0-429d-ac2a-b3c4741e205f,4827.846422410284,3,"26.236861,61.505215"
880eadae-8dd5-47e1-9c9a-08b55341177d,2400.776924542078,7,"-30.749905,103.007683"
71ff25c4-c528-4ad6-9a51-565be3a5f191,865.9911987459469,7,"-47.2143545,-92.401994"
00ec5687-a5a0-44c8-a91f-d9a955a372e6,2699.8527582845427,4,"41.4135105,-101.117951"
78024891-079b-4657-9126-6864c68f56a9,3010.305390178381,4,"2.8609655,-30.477485"
1a589dd8-e1aa-4500-88b3-5871c7a12b33,3868.823380567884,5,"61.4104525,128.134949"
c114c85b-154b-4436-aaa8-d361570a11eb,128.6799310134493,7,"16.981979,-43.298892"
87ba626b-ab6e-474b-aa1e-66d6d733ac53,2221.1302282710844,5,"19.5337485,60.771109"
daaa76e4-0dab-430b-b7c8-b7177338284d,1698.5870199464684,5,"-31.734732,-170.685337"
a3aa70e8-a30a-4e3b-8e4b-a17e43365796,3499.3688844799767,6,"56.462298,116.832281"
154c0c0c-d0d0-4a61-aeaa-e005c873e404,4231.4381632158365,1,"-40.216753,42.541849"
ea6debfa-8c40-47f7-bb34-8827f5e2e72e,3682.7280941538675,8,"-16.684184,112.237563"
fd312399-87ea-40dc-91b2-b0af74253e1d,2573.6201813270345,6,"-40.1935575,128.315262"
879db02c-9c60-401e-9149-50f2413949bb,1960.7289928623409,1,"-84.056592,143.547519"
254b414e-6a02-4a1b-ad71-df4c01b286db,666.7631950627379,9,"-9.937671,47.456904"
19b075de-6f0c-43e4-9bf1-7d3ddfed3356,2316.819020202392,1,"-19.4199935,-120.587873"
817d6aea-d69b-4041-a260-5f17befc3426,2515.1868969724833,2,"-83.320663,-44.054488"
3a781e85-f0f0-48de-86e3-0cd75603339c,157.3834872791515,5,"23.900152,52.220538"
7669f0d5-038c-401c-9ffd-f28fe1aa1d73,2904.579836487855,5,"-21.3086705,-129.887391"
d676d8fd-9ec7-473a-aae2-b7d21a9f1041,1008.0889905069098,5,"-69.736476,-33.514774"
4e036cc3-db99-4a2f-8ff1-88231d19784f,2897.326445887461,8,"-47.229791,145.171688"
580a32a5-e8fb-4dd1-b743-0a041a0704e6,2920.6688994684528,6,"34.0535355,21.545515"
59cb33f4-43b3-4998-acea-e04fd14cbcd8,2199.522330859907,4,"44.402410,76.879473"
a247d405-b050-4bc9-8930-d87760cbf5e7,2050.4194913384663,8,"-13.515397,-53.663425"
84a1a89d-b928-4e15-acea-9a834880ade9,2378.637160024703,4,"-35.360549,-128.414539"
4c6303c0-f706-48c3-a703-0a01323f1270,1096.8524428379442,5,"18.915521,-31.711308"
dfe3de95-14cd-403a-a868-6da5136564d9,4576.308702033902,7,"-25.7135115,-48.686179"
38206ad7-8a67-49c0-85d2-1a45df664dd7,466.6269921877035,3,"40.3039495,-121.613570"
0cf9e3ee-8d0d-44d9-bd24-fcfa57bf5c29,2727.170683725612,6,"-52.991620,-20.692562"
818f94e9-49d9-42bb-b0eb-200b87221aa8,3353.4710725214713,3,"63.855681,-16.394096"
cc2139b3-a832-4fc1-9473-2186d1054ada,2255.926149897763,2,"41.986977,108.301407"
0cba8444-4db6-402e-8ddf-50556a9bc93c,4181.68785680001,3,"12.260917,129.800726"
390021d3-a456-4464-8241-da2aacb55668,1149.6697152058582,7,"-77.0738695,134.516464"
c31d3294-ee92-48cb-b402-748cd211234c,3450.207741459729,3,"82.5063255,18.000108"
b017c33d-cd2f-4cbf-93f1-02141c2d8edf,324.5090784212339,3,"-46.508928,-151.722764"
b6ab0636-8faf-4091-b22d-60061c05578f,670.3875167861647,2,"-4.921746,62.443977"
71ac2e03-f746-446f-b683-8da18f205425,2883.4802527075453,8,"-0.719102,-21.725989"
5b8354cc-4bcc-4683-9933-c278a95d9232,4262.5132210487645,2,"-8.4717165,65.041160"
ba89b9e4-4251-4757-b3ed-0c615a180296,1657.9430866629798,9,"-24.8792545,63.832629"
fafe75cd-04a3-4768-b0ce-e50eaafe174c,4201.4244390209915,2,"-79.486762,-83.855274"
7de7fee6-b0ee-42e2-b401-d151c87cd8d6,4273.7050375495255,8,"-62.095337,48.194043"
fda143f2-097c-4797-95bc-4fbf8be5c467,1389.8150827063005,6,"-61.349228,129.075038"
8857e7f3-0bd3-4d17-9917-81478607f578,2938.070594040393,3,"-54.459060,-83.773572"
cc918f84-436d-4c15-8e6b-1ba6dc335075,1252.5963553191514,2,"-17.7453795,27.161548"
9d906a14-f939-4fff-8f09-c55c4e913fe9,4033.3513254265745,7,"86.563342,-104.120900"
42654931-59c7-4ab7-b5e1-226b0325084b,3947.187458893467,5,"37.9367335,-168.923213"
053ecc08-bb2c-4710-8503-055dba06770b,3880.1774587550753,1,"-87.495769,115.072938"
9f1866ba-20a5-4ae8-9050-1b5b1e6377cb,984.709598650151,4,"-59.0464805,-89.864241"
a1745860-ef08-4390-9940-ac8a2c553d17,771.4490607887453,9,"-31.9948715,-36.442121"
f9ac7cf7-e9b3-45ad-8fe2-e54011bb7a31,1162.1721660879368,9,"83.626264,140.204673"
6c065f29-b943-44e0-a343-7f022ef3186d,3923.1696113624116,2,"59.629768,-46.759996"
89666f71-2cfe-4088-ba21-4bf55b8c4202,4308.784012953584,8,"3.7231585,166.953033"
0f56451c-7d26-4978-985b-4d3d09b9b7e6,2108.0333713441155,2,"85.325397,-26.851638"
d71fc5a4-e3b5-4d02-a1fa-8ddefb0dc39b,1807.7283656278935,1,"-85.2847205,-27.043451"
3a4a2737-48fb-4592-bb21-26cef9b3f737,819.9459615757212,9,"-54.5567765,130.755631"
dc1ddc13-191b-423e-8dc8-e540d3344b4e,3175.32518505718,7,"-32.1443285,28.642377"
5a755cd5-d530-4bfb-9389-4fcd3f468075,3393.546396396054,8,"15.1860885,-137.817169"
6b23e15f-2cd9-43ea-b3d5-650420ac30dd,2553.1441758615633,8,"-24.442594,179.592304"
c6b558d3-81e6-421b-871f-04429c61f7c0,3161.649056680285,6,"-43.5769295,156.309327"
88fef290-03e2-4594-944c-2597df656b8c,2919.19105974328,7,"-40.087542,44.025827"
6264b358-bfab-4572-9c50-45313ae2ce2b,860.1190096750677,5,"-27.297707,-121.557425"
ec70bef6-068a-465c-bd9f-f78ab2dbf555,3502.1010987393333,8,"66.650807,-68.564247"
eed34b34-f82e-4afc-ab8d-75c7a07a548d,3606.14242688709,6,"-51.7583765,-112.434074"
6a8f1ad6-aefe-40c7-8db5-4d612723a726,3008.000877246785,6,"83.7559015,-94.754126"
ca667e25-8c2b-45ef-b73d-1549358cbd97,1221.823758707918,9,"-54.485783,-21.611664"
c381ae00-61ca-4ec0-bfeb-f5753e4756dd,3427.901642073065,8,"-15.320836,137.130967"
624b9ffe-7d86-404c-b25a-f8a6f3b60920,3243.9145496186434,3,"-18.095348,-54.167756"
a5109f9e-0bd2-46e6-b905-018a15d0cc0d,4370.663669088101,4,"-50.413166,96.190528"
2c48fb93-fa1d-4930-833e-d85b3424e08f,1200.394417636975,1,"-39.931725,18.672031"
717c9d85-a912-442a-8e0a-a1a9d0718829,2089.8595016574927,1,"41.4802755,2.890718"
64f773f5-578c-45f7-a588-54cad137d62a,352.6758295608232,3,"31.8570145,75.660965"
0d819e43-9c86-4cf1-98ee-ce25e9934e44,4678.9377450779475,4,"-59.2835265,137.112303"
3bbcde7c-5fd0-4682-9e6b-0c989a221d56,2856.6486574225323,9,"70.527698,-68.097867"
ce89c400-d6c7-43d6-ae90-af7ea9416a93,3917.0739054801224,5,"52.045338,-177.715442"
6558ec79-8102-4bba-9d31-6aed6e7fea81,3347.128531217001,9,"-14.5413905,56.603352"
91eae191-9c47-4002-92bd-f14d2ca30760,2315.566901883375,2,"78.358692,-143.558479"
b3f27a1b-ed23-4713-b3a0-aeb2952090c5,1633.1770314532318,4,"-7.154541,-100.496464"
5103885a-15a6-4327-b1d4-cd21634f306d,1531.8775305270124,1,"53.445609,56.891684"
c1983660-358d-47f2-b8bb-f620550d905f,2107.458633178701,6,"77.480342,157.423191"
b803af81-a468-4d2f-bc4d-843b51dbd2b5,4431.607514906855,3,"65.327225,-128.261843"
78e5aa3f-bad7-4d79-8209-2b9fcb8e932b,3236.1361607704357,7,"-3.748322,75.986704"
2b9d9917-6d10-47af-a4eb-cf7d6b7a68b2,902.0120604732737,5,"-22.991582,84.591057"
1bf4fb30-c29d-496d-b3f8-e64593a4e216,2105.8232940371026,7,"-40.445330,-27.463275"
f45b885b-b456-434f-bf08-b97a2216d695,2189.98481577813,1,"-71.575274,-63.795265"
23f610e8-85ef-4806-be59-3ea6ef3d9315,4458.138914421537,9,"-32.7121985,4.639869"
cb656c57-6cc2-4c8d-b2d1-6ed9bea2034b,2827.607161482507,7,"-37.617968,8.783746"
d0526357-589a-4b5a-bb25-923b787a5ae1,1604.3821638430252,4,"-74.8171365,123.064275"
8125b709-c2f2-4736-a10e-8b967422fd6e,3242.6307046897,7,"-66.558173,137.482322"
01539c33-9a23-43e0-9476-b178fe7a267a,3144.349272495031,3,"-11.703135,-119.328349"
c06a7402-666e-4412-839b-affe525ffc0c,1959.5700244146988,8,"24.6486145,-165.772253"
9efae98a-e2e2-4799-a67c-4ee6e269b01d,1617.5668934465425,7,"86.136244,44.914610"
27e7c89c-f02a-4578-b816-c2a2615717fb,4404.130422214335,6,"-49.614199,152.315710"
5b6d7cbd-f3cb-45d1-94d0-11ea1beec902,2872.8041972773367,1,"-56.4974285,-46.277776"
d366f021-1323-432e-8b33-bb28628ecae8,4535.270665765847,1,"-85.612306,-9.105993"
17dfe726-8de1-47fe-9608-ed612b9b714b,2661.5910651605627,6,"34.027957,103.229258"
edf97572-cf12-4f02-ae50-7c54563109f2,4196.32591163114,5,"24.988669,61.558988"
c356c359-a3f0-4773-8b7b-182af0364cfb,902.9332724669135,1,"12.788033,176.279767"
0589ab8a-b11e-44eb-a3df-092862d2a47e,4804.537373809736,6,"-58.7533975,-110.786866"
c15c9ccc-211c-44e5-b31d-0c654e5691ba,3787.6296877154,2,"76.217707,94.180272"
340f6f53-cb81-41be-9f88-071f5f251426,3906.9019696617584,6,"-1.261836,-76.290064"
cd29600e-1536-464a-b6cf-cb3dc47cf4c4,279.95672863958214,9,"65.993598,-80.765475"
eeb108ae-95a7-4c8d-b090-244f943105f3,2183.786600870016,4,"71.574051,115.772365"
d77c3172-31ef-4201-ab59-09ba179980b1,1869.6510591461383,3,"-6.979385,-94.235206"
65e66b59-6176-4462-aa79-8592775b38de,4981.80527434223,5,"-3.993056,-67.401173"
e773b4dc-3682-4ddf-b6a8-40c935682c8d,2262.2914416319677,4,"20.3564805,-99.304839"
d387016c-e93d-42c6-9e44-35d48ebdb7e3,90.20009430098379,8,"-51.928980,155.656982"
3a5b3f22-a4f0-412b-9349-6ee0be66f558,2171.466630104915,7,"82.3008835,-18.181312"
26debbaa-b93e-420e-b3fc-b2835e5072b3,4348.723608306616,2,"8.193341,68.575327"
6fa6e27f-81fa-489f-a0dd-2c09c3c2567f,4965.381734819184,9,"53.852163,-0.051046"
67ae73a2-8010-42cc-93de-b2c12c788eb4,3468.942666898015,5,"-35.379209,-70.337212"
46d73991-5c40-4df2-ba5e-765527399048,2637.567902227096,1,"-46.0749835,-104.245378"
bb81ef41-f7ac-46d4-9cf5-f6dcfdd7dca9,1785.8990509549608,5,"43.078498,17.116248"
b6415882-3f40-4ec3-8784-f4a40f6cb5b9,4680.284694597406,1,"5.394549,24.688895"
9f52a8f3-6712-4d5f-8233-3609e2f5e8e1,476.6307728163547,6,"1.932706,138.979020"
1b81c744-a692-4973-9b83-6b33d6021ca1,3851.1012540083425,8,"66.9630775,-139.774804"
38297499-ac61-401d-bac6-a2cb91f2f07a,1661.601207233187,8,"-47.394421,-0.765532"
fb4286f3-985f-49d2-b7ea-58df29df9ced,755.3543376078882,3,"63.4947745,-114.130756"
87e4bd37-0af7-4811-b261-95709dbe65a4,1017.9203289028048,2,"-49.254898,-105.064097"
aef1a7c6-4e56-49b6-98ce-cb8b64da976e,4917.327499170194,3,"35.5152225,-47.576887"
e378a559-3742-463b-a01e-92ecda8d5093,3740.769054347039,2,"41.172349,175.779416"
dd469322-8db3-45bb-ac36-f2240b9db899,739.4415748009045,1,"45.9334985,6.789062"
87da044a-7f7d-4892-9bc5-9544d2673b5f,475.15814012244476,6,"-16.2305455,112.532578"
9913e41c-fa44-4ca9-a262-b31432062bf8,1421.5447235318368,9,"30.9285865,144.631678"
665e271b-23c8-4d72-b4af-22aa964b87d5,3797.3330240349646,6,"-80.8515635,-154.835750"
8503ef91-d86e-42cf-a334-8abff577d809,14.830414844098712,6,"-5.591398,148.856418"
ddc00c49-fc2d-4328-b73a-c9de38d544f1,3593.265306752147,4,"33.471624,-83.549515"
53915f72-9f6c-4d32-81af-f972c3f7cf1a,4376.907697275389,7,"46.462967,-142.932365"
ff8da5af-5b74-46f1-889b-6ac1ad8f61a4,4567.545925000099,2,"-17.3189025,-61.374779"
fb97861d-feae-4dca-988c-c0ba04163161,4359.616315657613,8,"-84.039494,124.084433"
9ec74654-3804-4eff-b449-57abaeebef92,2184.093564489128,2,"84.0485095,159.985742"
cd75c11f-3c1e-4736-8216-4c0d4faf1b01,2038.7089142989605,7,"34.9429235,-24.935260"
b8788c4f-e4ee-4239-85a3-bb07a8d0caff,1533.1040873741642,6,"-16.325595,-177.486596"
117753fe-a4cf-41af-a29e-fab9b7e7f7ec,2942.4150955575046,8,"-26.0344225,-27.258642"
7f77ebbd-d38c-4b73-abfa-4ec6ada1e4e6,4945.25436409801,8,"-64.224728,97.648874"
a2ecd3a1-0f8a-43fc-9477-8e6426103b4d,4293.415106344477,4,"-23.605503,162.162767"
53100951-54ef-4c50-b916-9a8fcbbe056a,4693.673654069961,1,"-66.9145895,35.681751"
f38084df-2ff8-4175-9d02-5c1cae0e39eb,531.8637703023935,4,"-39.8405495,-104.620277"
224c0bf3-099f-4c49-b97f-92c9c7da56a0,2624.641315865636,7,"-70.162891,-150.782390"
5124fd59-e66f-434f-bef1-9d34be36e35e,3678.008073596675,7,"54.0307605,-11.066259"
008ce156-8282-405d-a23d-75a59daf3436,3806.2656162911835,9,"-60.134205,-164.348934"
bce3dd1a-232f-4da9-8425-d16e3d37c9e0,2839.2951973913714,3,"-65.182882,-26.180034"
067e76c6-9298-421c-b3a0-668ea8717de6,1682.6538951871191,1,"-85.560849,95.279282"
f9ca8971-15c6-4c2a-b98f-ee0775de6f22,4045.4446216574897,2,"88.669107,97.843707"
75467b79-1810-45a9-a6ef-56f3ee705b5f,1709.5061656074574,3,"33.319907,-125.952541"
1e4e91ff-96f2-4c00-8e67-af92006e0ff2,3474.688723924329,2,"-33.593364,93.080698"
3e68d40d-3657-41bd-814c-efb2a646fe53,2402.389745131494,3,"-32.8581785,65.240558"
7c31524d-c8d4-422a-8cd5-6845a0b5572d,4628.887787549547,6,"-43.167069,9.154395"
08dd4a3a-6880-496e-81aa-9860bfb55564,4767.564608761401,6,"16.8005915,-104.905300"
86c5fba5-f569-46a2-a02a-c83acc6222a3,432.79204457799733,7,"63.2853405,73.394006"
e260ce98-bba5-4892-b8d6-a22c85458bbd,821.8182435083052,9,"-29.7507055,-76.125618"
ef288c0d-cc2a-47ad-b3b0-459503cc1938,4503.779667171548,4,"-12.014864,71.663686"
021ae5a3-5696-45c6-b5e2-a68068d0c169,566.9056790020725,1,"52.9262455,-171.829609"
4a5259df-e8bb-4d20-8da5-2508d8433a27,1022.788173765864,9,"32.1259815,97.672254"
3010db38-88f9-4a1e-b65e-bcaa56b298e0,2212.0121634086995,2,"85.619770,175.816363"
6e812826-52a7-48f8-84d6-175cb6c9ef69,3628.0746571350587,7,"-57.9164615,7.227451"
6d54c3d4-8e38-4d40-b383-b50c67c9a7a8,1381.5054216515127,9,"-89.6589225,-179.745772"
e8c633a3-0b08-4697-b272-d6ad5ab84a52,148.62663255823557,8,"35.967837,108.173793"
32a3c7fb-f965-4c2a-a458-e4ae039bab71,353.982846324709,8,"-2.1220165,-103.870753"
75ad957f-1991-4bc4-8119-d1088c3c7cff,1731.267365314886,2,"41.3471285,-149.555516"
51925ccf-2d6b-4d2a-a856-f02df422b052,4771.430152493117,6,"-26.689315,132.263453"
cf86bd65-a17a-4ab9-b395-4f9ee46da9da,216.54052876223983,8,"-86.4963885,-21.512944"
423a808f-2a50-4779-9161-184bd441f75d,4387.842915153779,2,"-54.415160,41.327260"
155ab446-dd2e-4ca5-b4d5-79bc3e10fe82,4686.484674427112,4,"79.9583375,40.413715"
9d68fe55-a286-44d6-9b53-ac1ff814272c,4032.985738708356,9,"50.789664,-101.265723"
51fe5d99-8a51-4f4d-b1f1-580221c092c4,4396.257013648007,8,"-65.1725055,-37.045106"
61ba6a39-7965-4577-8fba-522362371c7a,2789.15544951792,5,"-49.696665,144.550586"
131ea5d0-6ded-49d8-9003-b6c6b90aa589,2612.327180272066,6,"-30.0649125,-120.829444"
27cb1c9d-83fc-4f18-a35a-b45b61a3587a,4978.3299049418965,8,"-80.380520,84.449812"
8b0ef758-e830-4417-9946-3e10651d8950,4601.148117770167,5,"-32.6296565,-137.078568"
064937bb-90e9-43fb-9ca7-9309ddd54125,4993.171968840373,6,"89.557924,-61.288229"
91f6286b-d1cb-447e-88f5-370aa37ff06c,1701.6466543140336,1,"11.3934955,-57.751401"
752aa3ed-e976-427c-9bd2-a01ac0d141f0,616.5945360805109,8,"67.490963,-45.415037"
cbe24114-0ad0-4603-91cf-264d1d971b0a,3009.802991152302,7,"-76.2269435,99.017425"
0a1b8bf1-b997-47cf-8647-b6dc7514d245,3934.006196958625,1,"-77.293368,25.335765"
587ef3f0-3672-487b-a89d-c0ae62e6b5a6,4136.65946048946,1,"86.640445,-119.147453"
fcf47ba9-2b14-4ddd-bc42-a172256d0043,2220.3799859527535,6,"50.9847995,158.941357"
dfa3fbfe-fc0d-4edd-bf4a-4eefd1b38111,3276.1747555799902,2,"34.9591155,7.116445"
6c03fa1e-5a01-4512-a8c4-9b95af9ec44d,2904.8334802340346,5,"-7.2972745,120.456983"
1ef86f6a-046d-489c-99ed-61f30fc5b755,1499.2176369422932,9,"41.386235,119.212674"
5e622620-1bf4-4906-a26d-e2301b5f2ed5,3131.64453714361,5,"48.150859,52.356845"
eb26f6d2-f3be-4ce4-9d3f-e9c1a841165c,2990.950678682346,8,"-66.8644455,-0.291665"
9bd6e57c-b9ab-4f88-864e-533abd587111,4376.1314999437745,8,"-35.362980,5.737756"
949dc293-a355-4f33-9e32-687ed8c9f539,3482.6243403201147,6,"-9.451567,-173.314539"
af301356-f6de-4696-b4d7-a619a5c7e165,3844.956861667252,7,"-37.3502675,163.154910"
efcac0b9-b791-44c6-8dc0-f3cbb2ac0b38,2684.603319597827,9,"8.0289415,81.416047"
557faa7a-1592-48d9-b4af-fba6abbb13af,2799.732735907405,5,"-49.8053945,107.146043"
df37e5cc-261a-4b48-976e-6270e2659e8f,2785.265749834938,2,"3.728424,122.550872"
2ee50e4f-fb80-4607-8a91-7229c6e4decc,4294.532569396301,5,"-23.406303,30.953200"
fad5dbbc-9ea7-43a3-beda-63344e494bb2,3186.075494513843,5,"15.3864795,-67.000091"
aff400f3-352b-4807-bcaf-a19bba713a6f,431.61644901321426,3,"-19.5506405,81.758622"
54d5c415-2053-426d-b79d-f7cc07a7fb31,3670.0515572030645,5,"70.434279,-117.684966"
733fa397-b2db-4e2c-bdef-172b2d2a8c0a,4180.4175297776865,1,"-39.550493,-167.166910"
b61824a5-797d-479f-be96-c785667a8fa3,780.4615211066304,6,"-35.276897,-170.210274"
788089ec-c350-4a0c-b234-da8a81413c42,3058.9321896152587,2,"55.686668,39.067160"
334ce3b2-dd68-4cd6-b031-3e9d6b96d0a8,2965.2382184021862,3,"-71.502290,-72.227622"
3ca598e0-8e02-4109-a5bd-1c55e16092f1,4244.668703871142,5,"-27.6085035,55.603113"
44e7b267-e235-4ed5-a86e-ef7f0caba76a,4627.495076465736,1,"81.272055,-172.830875"
dd7c50bc-3b34-4674-a868-240325406c1e,4684.3277827036,5,"2.5620915,-42.187986"
24164f50-92ea-464b-b2f1-27541d5c99a1,3063.5855171671415,2,"-28.1317335,-3.766708"
a7a9f369-c8f5-4a9d-a536-f28daf5af16f,2273.632064683147,6,"-25.677660,-25.193063"
5bcb1c6c-3653-4b84-947e-677efb4846a2,3200.5062330845544,3,"-37.771363,-157.032613"
2858eff3-90e7-4136-abaf-f9a77607660f,3730.3256632139014,7,"6.145963,-173.959025"
0ef35dbf-c3c3-41f2-be66-2e84f17837e2,1777.9505660360135,8,"-70.9694565,15.123970"
725191c7-c805-4e49-8214-8a5b9a078220,676.0328346257564,4,"-33.6643985,-90.303265"
9942c174-fdc2-4f05-a0f1-0bb1436798f8,4606.096098146893,2,"80.5743565,163.211810"
8924ef71-a74b-469c-acf6-f837eb277374,1615.0220906351076,7,"-40.681372,9.053400"
3073e448-b651-4685-967a-66237a952ba5,4511.165412860735,4,"19.3881995,-140.734455"
8626abf4-0485-4250-8e7c-17535f3a6fc9,2411.9420850105207,5,"1.902359,105.602020"
b71326a7-281c-43a2-becd-7d5b8b55f4f3,4745.951196392656,7,"8.5888975,-176.909754"
a0f37899-7f61-4f71-ac5a-5c87a2a77f02,2707.794277767332,4,"5.4166195,-73.627962"
f819b847-e9bf-46b7-9cc3-f27774deb1af,3049.7482249670256,7,"-52.715888,161.444987"
aaf358b9-ec80-4a27-bf32-f5611dbe1157,623.3230385351103,3,"80.9036935,-87.306419"
2534912a-0dc9-4999-865e-24d2dd11a781,855.6999330309303,4,"20.9335695,-111.746912"
f274b668-a640-4b8b-b35e-b4c1eb150c4a,4440.3904197660295,6,"-51.707656,67.762621"
00092d75-e6e8-45c4-9fd5-2f739c47dc33,802.7695390137025,1,"55.865757,114.448396"
00193021-2dff-4347-a9b2-73ff3563a939,4982.013505203403,8,"48.348301,-12.961043"
8bcbcb6d-3eb6-4816-8bf5-3efc2974f631,3113.2940554900565,4,"85.7316285,29.434613"
8362082c-d2fc-4048-b936-b724417495d2,2453.0791226421316,2,"71.5318275,-145.247309"
53ba2669-fb6a-4852-99e8-22a8a5bb63bc,3706.5537861924195,6,"-54.5158075,-153.340424"
374f8823-702c-4662-b933-899b3a0d24ac,2823.6310767207547,6,"81.5056585,124.193118"
b9c5aa6d-b279-4ca5-aefe-7dd6fc165e8d,4907.993006444751,5,"83.5197355,124.068353"
65452ea2-6660-43e1-912b-1ffbe5318621,1757.6518122757716,8,"-25.305069,71.728144"
2c896991-7c68-4712-948d-a5de4175e933,2186.2936903907207,5,"78.902243,-118.358115"
25d30816-c0f3-4a57-849b-062f989197e6,4102.185687451399,9,"-65.319308,-6.388207"
6763d1ca-5922-468f-82f0-fb47522326fd,376.3235299250479,4,"-6.1558745,3.538675"
b24ad720-6d04-4467-b434-ee1e16a818df,1170.0541144585468,6,"-89.3825115,14.183362"
62938fbf-c26f-4336-aa64-599368466c6a,4944.469773479796,6,"-15.8288895,-131.306719"
5821ad9a-b3eb-43a4-9ba9-1563977f1e95,1842.5033706929482,6,"69.5232355,-29.374499"
e2ffb85b-223f-4ddd-8ce1-6992cae36ebb,4853.8861129342795,4,"-59.3364675,-94.994034"
0619c9e1-57ff-45d6-81d0-c3605cc92968,2666.6000056159583,3,"23.931590,73.498424"
66b56450-aaaa-4dbd-9333-0daadc3ca70d,439.5292064901766,2,"-24.4873275,-175.956443"
29a0ffad-b009-4a9e-b890-4d7de736db62,2236.4938520041196,8,"-29.482946,-62.325039"
78295a2d-dac3-4059-9a48-4c99067279af,4410.057609583222,8,"2.683480,-90.176601"
7b02505d-a323-4084-901f-f64fc21894f1,1234.8595302664023,1,"5.9079155,-168.373295"
42c0c878-2606-47e8-bd72-25e79b3d55f6,3273.238096074186,3,"-86.7512415,-104.137836"
22907eac-5952-4142-82d2-2e195d9307b9,1166.0060980923229,9,"-56.4685255,111.181979"
04bc79c2-b143-47e3-a02a-a98d0a6879fc,2896.6755560114843,4,"-42.7120135,-53.502806"
f9d0abb9-5d66-4974-a0b8-9f0568ebca68,3384.468737107859,3,"-24.9227445,89.219040"
97c7fefa-b642-497b-8a71-17ae0f7e6824,4962.035955014841,8,"-55.348205,-47.066406"
53a31f85-cb57-44cc-b9ac-5ae473ced9ab,3607.8465247360377,7,"12.499383,-10.076004"
1b0f3f6b-e1ce-414a-b41f-6d42bf556fce,2336.9183948527566,4,"82.8731455,-130.652755"
d34cad95-8bdd-4284-a1c1-354ec383e926,197.4940298735972,2,"77.4333235,-121.873406"
5b260ac4-4ce7-4bfc-a54d-341f9a7f6510,1614.1939870596364,8,"-68.594519,-25.450220"
721ba20e-6971-4cb7-9931-2dee78433b23,4563.150775452769,8,"25.3754435,-23.444724"
3636d5f4-5add-4e04-8317-a34a5b8541e5,1158.8582846974946,4,"-37.3357165,-130.169587"
b817f086-79b6-43d5-84e1-592bfaf854f5,725.7031351988969,6,"-55.250678,-4.732713"
3f44911b-bdf1-4dc6-a9dc-67a788916095,2537.2246034772015,6,"-46.3832775,-39.737886"
d8039996-cc52-404a-b9d8-1bc6fb205038,3666.9368123356826,6,"-60.7983315,-108.253735"
954e4a0d-3624-4e44-8116-5ae08f98abfe,4819.03089764207,2,"11.0723925,-57.300433"
44a60252-1381-40ef-b0a3-bedc72162f62,10.364945831702792,1,"42.5924515,-97.612815"
9d43fa68-63a4-4d56-8bec-b214b3ad42fd,12.649301240210756,2,"-58.199656,166.146179"
ace0a99e-a985-4673-b5f5-9ebdeb95a929,1206.3790926717572,4,"52.9715265,-125.332488"
a018d72a-639b-4ab5-8bc6-9d384f66a30c,4155.788258909471,6,"56.407055,83.356694"
5843c175-c604-407b-b41d-6e1bab849bb1,3263.363191406869,9,"-11.6328095,-160.237537"
72fd437b-101f-478a-9f03-8a2569ba98b3,609.8989582343108,3,"-60.354816,-54.822404"
9b1faa21-5392-4a66-9184-94629d93640a,2909.9302873307856,9,"2.2592685,52.526749"
5317ab75-1e7c-452c-a134-35edce1a3b41,2953.8241425858146,3,"-76.040856,-134.032662"
e94ef9f6-5fd9-48e7-9f0a-202d8f4babcc,1372.6490336079603,2,"70.7105755,-115.077889"
88fc0f84-5526-4e79-92d5-5d9443100888,2814.613931566809,7,"60.4700755,168.201386"
c82bf252-3dba-4a02-8308-ad42602e7f45,4378.240514725651,3,"85.4232975,11.786934"
4ac36f98-a8b8-4527-92c8-a46169b9cf9f,1398.990977695311,2,"-88.265015,1.556050"
c33f0816-09c4-49a5-a6f4-0cbe61e0eb0d,4906.1922979957735,4,"87.2613515,142.332341"
32cfb670-5fc7-4c03-88d6-66bd5127033e,3135.1438793393336,5,"-80.9983005,134.666160"
9abd47b7-7717-4084-bbd4-694a31d7d349,1822.2587269356295,4,"0.0122225,51.249985"
00a9929f-0408-46a9-a26a-4b078ea6122f,1543.549072493332,5,"70.0084885,84.915423"
7cb5fa71-f486-4295-a6ce-4a8ab0f04a00,4260.545975366483,7,"63.411075,61.910360"
0829fff5-0e9e-4f87-8fe7-07246d85755e,975.37784821157,6,"-70.8328215,6.695476"
9c1219ea-0039-4c3f-89c7-12ff8a4e7681,4591.1057562555625,3,"-2.7081475,-89.401424"
b756f36c-46cd-4455-bb6b-230497056947,3079.5907987632113,7,"-27.403232,82.381952"
f0a60161-099d-4398-8ffc-2d3c675f7a98,2358.6499273067766,1,"-0.817456,-133.870437"
148ba8a8-0977-44a1-9d31-a96d746fad57,3305.470158824794,7,"-24.1559015,76.754498"
aa2e4944-0518-40e2-8898-bfe2f0cce266,3068.0303376150187,2,"-5.0956255,149.235049"
450398b8-115a-4f4d-8b15-52f2615e0dc8,231.99061351550884,3,"-70.316216,127.212538"
53765a83-7613-452c-ab40-df98a1c55faa,1109.0143927456566,5,"87.2771855,-58.909310"
875285ce-8b65-404c-b202-cc362db5de3b,4389.911044374081,9,"89.197570,140.528243"
30105a89-62ec-4b05-98fa-64d18bd8092d,4265.656737431893,9,"7.648333,140.995023"
002cb37c-b3f2-426d-801d-6156fe1084a3,358.2878059782904,1,"-73.598484,49.815293"
d6f3cbe9-ff12-4090-8b97-489252942daf,1108.7829739948572,7,"77.7151555,57.004624"
732ce66b-98df-4956-aa50-0680a15304b0,1637.3406647173304,5,"14.3266775,153.955848"
69cd57af-0792-4ace-9811-2e0daea1252c,3460.9200362932756,6,"60.9013215,13.859503"
fa83f768-010c-475d-b7b1-7087df8607f4,2447.284957580504,6,"47.0678925,143.462956"
7ccad964-923f-4891-b5bf-88bf35cee93a,3436.0397038790475,3,"-29.2114025,91.790522"
0d52e317-6729-4292-874f-39a7a0a0aa00,3171.9026740202085,4,"64.567939,-120.692169"
7e4dac6a-0dea-40c8-b0b6-a8825d51b883,993.1508096933716,2,"55.113242,-86.297452"
bb2c73dd-4767-4404-952f-eb937956dbce,2052.0468006166743,1,"-76.6548135,-52.395490"
e6df7085-4f93-4111-9072-3c747007db40,4707.006720304618,3,"-57.832147,-24.599911"
2a16124f-61c2-49ae-a3ec-842698639f6c,4621.804439530317,7,"-82.5212145,-9.501146"
a30f55c4-f6d2-45c7-b2a2-234a2384ee0d,4199.356592060975,8,"88.4655415,18.470346"
07365863-35ce-43ab-b9be-771b4da3e6b9,2547.5208192678847,9,"63.6610985,139.307609"
d025d3fb-a93e-4a74-9299-3c1e23331f43,4015.8712930587876,6,"-27.491556,-32.979115"
ce941d51-cc32-4354-a282-005db4af16a5,378.759876785086,9,"74.0413445,-3.206413"
2bc56eed-c943-4e66-87f9-5173d7e536d4,1569.3881279911561,9,"28.5776875,107.984524"
60cdaa23-7d34-4d89-b96b-63541eeda6d9,2357.275917550326,5,"36.398767,18.179846"
3d2ebb79-d8ef-4655-bfb6-1050d12abcc2,3093.6189874620736,2,"-84.6695575,124.623309"
313e3665-2f3f-45dd-8a85-f2a2394cecb9,2220.05474491043,7,"-23.2315555,-63.662408"
3ff456ee-d2e9-4084-ab1c-a2edcb430ecc,913.7120336431802,5,"-40.901135,120.286617"
bda48d7d-fb46-4c6d-8b89-02545825655d,2281.3267500213783,6,"6.067665,-139.494610"
605d45d4-ae7c-4cfd-a3b8-5ed318d445bb,1188.2356675482918,6,"-59.7297695,-38.058995"
305376ce-22e0-4bfe-83e0-b00a5400fb44,581.6329557014271,2,"-61.736620,-93.542495"
606d642c-2cce-4fc3-82a3-ea0220a42be9,3669.010958021841,3,"-78.7971715,25.589029"
f1d2a106-5b23-456a-987b-5a450a291fff,4126.426203643224,6,"-78.5771695,-38.932668"
fd60450c-eddf-48b9-be09-9b089b441b08,4291.200125471215,3,"-62.682600,-7.967815"
5ea7a62d-9b71-4db0-bacf-8383d208c39e,4947.471122751726,9,"-15.602902,-110.787586"
e92e552a-f940-4d94-803f-ba6d34db5c5d,3017.1225485923437,9,"4.464155,159.722795"
ad25a09b-34c0-4706-b74c-68c2e0e2c6b0,3273.5738474839245,3,"-86.309023,-53.267036"
6e0058b8-6041-4100-8a2e-646bb4891643,4939.280983821291,2,"55.159683,-29.847130"
4e8ed5fb-82ae-4d6b-9571-d532a9ca142b,1940.4332889200884,8,"-83.2784105,-159.256113"
1f1d8ede-93fe-4c48-ad28-220b82f599e8,755.4289261435066,5,"53.1700615,101.928418"
6d283743-99c9-419e-ad0e-2972df30e98e,1306.5193721283572,2,"-38.820555,41.654781"
829d1c7f-ac16-4c8d-ab75-bbdaba5b0c32,4571.338869055215,5,"-44.382775,170.573408"
21d459b9-ac6a-458b-8614-77171bdd22d8,2396.1404949767416,2,"-2.8941065,33.081559"
4d024a7a-05ba-4475-8be8-67f6036f6186,2806.0886859965717,1,"72.2533875,-42.528125"
7dcd5c9c-becc-4c2f-93b4-07d4eeecfe5a,726.9673881505511,7,"15.1873995,23.416252"
c75083f9-7bce-4ea3-ae17-9af30ec228c9,1291.253984144849,1,"-81.8249845,4.177370"
6c3ce4d3-778d-41a8-9f42-5bb955f817ae,878.2332959647096,1,"7.8980025,129.641381"
131db5de-9bc1-4b03-bd80-d134b472c3d8,238.02404035475405,2,"23.880896,68.601085"
bb4dc0a3-8214-44b6-9e05-5cc91f9019ea,1925.5009112881914,3,"41.947362,-98.740365"
eb6bb3e1-01fb-4411-ae94-e8424110f46b,4413.786419477887,4,"-85.205658,24.341202"
ff40965a-4b30-45e5-a8db-45e9e6a680a7,1549.033245975015,9,"-51.3128055,96.978333"
f4ef4164-3f1c-4270-8a7f-80b8846b055a,509.5315218626144,9,"-28.759337,177.412092"
d22fce2d-817b-46df-b556-b16bf9c149ae,3174.871924053673,2,"-31.703936,-116.521482"
3106c088-6f9f-40a3-8923-144cb2ee5d2d,1233.0095289548244,3,"64.049243,153.766848"
020cc923-5944-4208-8e12-1092d77c3a5c,4989.591786139468,5,"64.5394555,-94.881640"
736c651b-c980-4c2c-9927-a93dfe3edc93,2674.61391270328,3,"-23.0356475,-106.876158"
33b0ed9b-956a-4be4-b345-d06a4731b953,4027.398069447248,8,"-82.8063045,150.430020"
2f291c38-8c9d-4244-bef1-b46039e34134,1306.4637281757555,5,"28.021121,59.495798"
5db59113-1830-4a12-a87d-6dffda0fa876,2781.797405061679,2,"-77.690708,-139.176789"
21f7be58-7052-4c07-9d85-6db123817357,3052.5372033116005,4,"-51.225153,48.300303"
29a6cbc1-32fb-4399-8ecb-a58743d49cc2,2017.1220249364494,5,"-10.946024,-131.473431"
aeed6411-31a1-4b5c-9fb6-62b4b63bcf9d,867.7896242620218,5,"-36.2060175,-115.087885"
2486c74b-e80a-4ece-87f4-eb9ee862d6f8,87.34995177877067,4,"-89.206263,-157.140345"
4b09d467-bc7f-42b9-9cf1-1a8535d68025,2678.5396553330024,5,"-1.926949,-168.892755"
57e8fa82-e09b-4e1b-be3a-7ce7f7c82bca,4498.264000454824,2,"-52.429575,124.570448"
e5435009-a526-4ee2-9864-e97f279380a2,2302.1801508289323,9,"-47.256469,-70.600545"
1b9c152e-18f8-4a15-a33a-fc3bec84605f,1316.6516228487258,7,"-69.4113905,-30.080987"
8a264135-d3a2-47d5-80de-94f7781ae922,4337.588604391703,2,"-33.9802835,-59.726394"
3f0ce408-03c1-44da-9d84-110525242105,1774.430394406634,4,"65.5157045,-78.820399"
5f52c8f7-9035-49fe-9a21-098bfbd3a671,4573.415645557124,1,"74.986119,-71.403212"
c94e8279-1b14-4e41-953c-83236dbfc535,229.31387354371748,5,"78.427077,-7.899858"
0bc68878-a751-48cc-aabf-11b902e9aba8,2155.8067675696434,3,"19.443831,-120.444100"
e6fa8379-e26f-4131-b6d0-98da6a319b28,4800.507164752094,1,"53.739086,-105.151240"
d6c83696-4129-4a5d-b935-cebe5635ca8a,3405.765355372502,7,"-64.3324785,69.448688"
31004974-d79a-458d-9a0d-867b68710803,1689.6449825758516,8,"81.047316,-121.514410"
a17ea1e3-7184-4ddd-872f-1e2b66b0388e,1777.442340339503,8,"-17.8630575,-171.739231"
116937df-957d-45bc-8cd5-b8ed2390b3b7,4326.035102562155,3,"29.160548,115.428083"
ffbbf756-74d3-4d79-8099-1de777b51bce,2072.873064735282,8,"39.1355715,60.557092"
cfc25000-8e16-4477-8684-8ee17d72ad35,2672.7880861828444,7,"-81.4161555,-175.535264"
d6983711-b986-4929-802c-24b1fd74a0b1,1944.2824228676557,9,"75.260019,22.007252"
343afa6d-e3d3-4844-84d2-c720a7a21181,2961.5251931903385,3,"65.8509385,-109.229113"
a8943a7a-ecec-4bbf-b2d4-2c6ed933449b,1347.842767475454,3,"-30.2951675,132.343371"
26b7909c-d792-4f5c-a99d-a717bf41172a,3202.7700309977818,3,"-77.1835575,-74.462914"
67c28fb8-1f75-4fb2-a3df-7704f3aebdfe,4929.334495553541,6,"-24.0228985,-31.906916"
ad086910-6365-46f3-8072-c87daa561dfd,540.0460134913551,7,"30.079633,-67.492208"
60e99821-26bf-4c23-a900-e174e8cf57e7,3427.6323314173756,7,"-51.9766375,89.405712"
8897787a-34d5-47a8-b927-c4fb04203e15,371.7541820709404,1,"-74.5086325,-135.665193"
b95702d5-bce4-4ac4-9d8d-224a24e4fe43,994.5791114931046,2,"74.972145,-113.895871"
858538e0-17c3-433b-91c3-c4b1c6ef1877,2408.070125807135,8,"-86.839568,75.084763"
e52580f9-3430-428a-8375-a36981d6ce60,2261.824467302701,1,"-15.0405205,157.543997"
c9428a69-bee9-4e72-be0e-13a3e0aa676f,167.6783862200669,2,"19.187672,-109.387180"
b35a6ffa-c83e-4e21-bf83-f9054c082011,1110.7459492374157,4,"-8.7176025,95.284042"
021d0991-069c-4a5c-a2cb-88bdd92c2775,791.8200944517993,4,"20.8058025,45.480698"
deee4fee-22b6-49d9-a4ff-b29afc8a0459,2144.6719322771596,7,"14.160446,-77.280659"
dafc0976-2d44-460a-8ef2-fc3015555a4a,1525.428122680443,7,"16.5321225,81.600369"
d5ced960-03bd-4efc-af6e-7c52712623de,2555.062115614852,1,"38.071951,-55.928380"
46b32b24-4df8-463b-b82e-5c52fb002d5d,3969.652178524927,8,"-13.6870165,-46.193951"
987dd8c6-b2e8-4ed4-98cf-55cc7ce96b5b,184.4525338675958,3,"-53.251591,71.990539"
20fb6e14-bbd7-41bc-9b88-ea88091b07ec,4219.620759949709,9,"4.5149735,-12.531031"
c1091107-5c03-45d3-9f0d-9f2a3f884452,2935.9390028429048,5,"74.3398675,152.782427"
421633e4-c0c4-40b5-be79-7ef8b551ea67,4856.319114105344,7,"37.338420,91.105990"
11c91ec7-818c-421e-9fef-fa3f42534acb,3439.623667687071,7,"85.722288,-83.618053"
41910a1c-ee91-4817-935d-78162c52b821,3055.6756181877786,6,"-9.9320785,77.552703"
40c42bbb-0b07-420a-b419-39670e1424d3,2010.6350970058522,2,"-12.2306545,133.172779"
8b0a5921-b6f0-4bf7-b682-2bc4dd7df81a,22.869811826120362,1,"16.576982,-176.533843"
861a09d2-4623-48df-af46-6dd87a244d01,309.09480116346134,4,"-84.3040175,-146.341640"
9cad6191-0386-4e1c-90dc-71a9cdecf0bc,3916.6973324581113,5,"75.2864515,176.278761"
77590211-28ec-4796-86a2-ecd043393bea,4750.355248673085,8,"-38.382667,166.362425"
8162b110-1a93-4fb0-976c-30fece5b5d50,4377.856682599969,2,"-82.985757,161.212740"
99a72ded-45e0-402c-9786-aabc8f072aec,202.80305450968214,6,"13.4176175,61.157945"
e6c2257f-1377-48d7-a2eb-e1675d4b32e1,1653.164760535377,3,"-44.9495715,-138.119010"
aeaa2a1d-2f40-47b9-88de-c93824995399,4671.803624157204,7,"16.254180,-160.419512"
074d0b25-b0aa-4e49-be4a-ec2ffdf5fde9,2002.5996847159643,7,"11.715818,143.651980"
d4812bf5-f0a8-4a03-8efb-b9543941b1ee,3614.543379259478,9,"75.7594325,-174.812415"
d1b2bf3d-8e9b-4ae6-b168-6250b4f99f35,1148.2571323011173,5,"-58.0025555,-37.706797"
062a6c68-c31f-40f1-bbb8-5b75fe4a6e2b,656.6873629474694,3,"74.638838,-28.617227"
7fac0cb1-f03a-4514-9584-503ee77601f5,1771.9575118346472,9,"86.7490205,-87.906287"
b6019890-b728-4312-b692-f63ebf970fa1,2861.8282080514273,5,"28.7908625,-74.781530"
55fb041b-8fed-4eb1-bbbe-9f7939d8fc84,1627.3991368562379,1,"-89.194383,37.055099"
de8a30b2-dd02-4c22-a14f-8400a2cdca85,636.079753810646,7,"73.3164485,78.415880"
d2482090-1be2-42cd-b940-1fb643bbfd65,456.08074866633456,6,"46.087053,-39.955222"
7f71ce0a-3814-4836-ab8b-b87c1c01ab06,4834.260021571578,9,"-72.663970,6.832643"
6e1afad5-8b74-48ad-a0b7-289868756b2b,437.5392508405145,4,"-63.6291125,96.455617"
6d3a6faf-a3c8-4a8e-84e5-8fdf05dc07f5,4493.709051169023,8,"12.168307,-131.630968"
dbf1b09e-c0ae-4a98-922c-722ae3c707d1,4129.320073235596,7,"61.3334735,-122.914227"
026ee1a7-6498-4ef7-b166-826f5702f166,4057.2624280022437,9,"-22.2479315,-67.497034"
621d4260-2103-46f5-bde0-b2f21c137284,580.8340465015382,4,"40.523004,6.377589"
51265723-76a7-4bb0-9597-9857e2d722c1,2460.665336881684,6,"72.0023485,126.226973"
1bbb4015-72bd-4cf1-9754-74e9d0e92398,4505.586946174961,3,"8.236176,-144.441660"
c3b3fc1c-d56b-46bf-ac0c-6198078e243a,1223.241602276484,6,"-66.124917,95.208322"
01872878-258c-44ec-aa5e-437f5158df23,559.6856482456484,5,"32.5979225,111.634492"
06bc5d06-f4b2-4155-b90a-285f4df0457a,101.97862686381367,8,"58.6623665,-96.143246"
e3c95587-f530-47bf-afca-735157a08433,1869.2937096286912,5,"-85.9752195,-54.988337"
b4a2bfcb-ae04-4e51-bbff-cc9dc72b5836,3402.4483611965106,8,"9.5239895,-156.402095"
329eb5c4-f94d-4d4a-8bda-be4dc1634650,4155.428971626832,4,"16.700089,-98.586483"
1364202d-7548-46d2-ae32-8e4ddca19128,3281.492195363969,6,"58.363276,-104.217079"
566b4431-3def-4a4f-a359-37c68d4e3d3b,3487.024286920011,6,"-61.6672725,9.943447"
f1fb9a4a-bb42-4b23-b5e1-a5d9f7358c25,849.9201603238528,8,"48.741885,74.116559"
32bbca66-3dd8-4e57-b57e-c51d348c2f7f,2723.6024174712684,5,"-66.2290115,8.119168"
0c9a4e7f-99d4-45e8-8de3-2de0ddb7855a,4317.954525385859,8,"-55.5963265,-109.801090"
5f4a94c4-a08c-4124-933c-efc852e5aa07,3916.654803157844,2,"39.809634,166.627808"
9b1b9eb5-1480-48d2-9e82-31e451ac77da,4103.675681494845,3,"-25.0607495,-11.675406"
4f35aa3b-27bc-4394-ac7e-75407e1ac326,4649.832468615043,8,"23.2114545,-67.758528"
31a83e65-e186-4336-8680-6477705a5798,2616.900894207605,9,"55.391709,-159.272110"
b8f90159-8d10-4b72-b55b-8ae7d46c4d23,1924.7147388125893,2,"71.0782585,-159.698215"
69d2fdab-8437-45de-9a34-0a8cf2460893,494.48566362331553,3,"-37.3809225,101.419569"
039c50cf-bea8-4fc7-b1a2-f6a26095da55,269.28052596605926,7,"4.1804265,83.844167"
01958e55-4012-475a-813c-cac4092973b7,1974.1907098095323,7,"64.166374,26.238601"
bc5b363c-78ac-4e8a-8584-1f5242717141,2756.5996984466474,2,"16.849882,66.791692"
85411153-8602-4930-84d0-510800fc6141,4766.151681040313,2,"-46.1627105,59.664075"
fd5766e2-70ae-41e3-8ff1-ba4b8d3b23b4,4550.360390252979,1,"-89.323279,36.376516"
4f6fa64b-dab7-4d7e-91a4-07fdb73a7524,1506.5369357383058,8,"-37.0092845,177.885473"
64ac3c15-700e-4f16-9e81-b44a3a0c08f7,2901.9332304333902,8,"17.892970,8.245309"
06c3c5d2-0cf2-46f7-95e3-4db220646437,1296.868489201093,3,"-30.573318,-137.484355"
b91f4dec-1b70-4848-808d-32d5488dd54f,4096.35667081557,8,"36.993559,-43.050903"
1b9aceb9-a249-41b0-9b6e-89cad0cdff68,4120.962550246161,6,"-39.3435045,-39.529620"
b51fa422-cafe-4c39-acc8-2a6e38edd7cd,2130.074834357283,7,"-22.2239225,97.163295"
f6c898f4-3367-4749-bd3d-45f48b12967a,4301.543845256317,5,"8.1552655,72.804066"
b51262b1-8551-4187-9490-6117803e5e94,4966.913619057033,2,"47.835188,89.657654"
02d6e8b5-aa79-447e-af53-9e3798605841,3773.2105281639574,1,"47.9592075,118.960420"
38b2b186-4657-4c33-9b61-f56f33041588,250.60601843736256,7,"-48.008232,82.008423"
e729fddf-b6c8-43d0-8690-4c2a48153e35,3958.298562375184,8,"82.810502,76.501376"
e8ee312e-1cdb-4f63-b5be-f1ea0e7e7744,850.8108518907426,1,"-55.9165325,172.709418"
27a22a52-d15a-42a3-a0c0-85a6910a92a3,1475.9441277261228,5,"5.528275,-179.662219"
60ccc297-9081-4c65-a9ef-dac814b4b0e3,3664.4276382575326,7,"5.8868865,-42.203917"
424f4105-b6c5-40a5-9e5b-5462af91e781,3267.2389239739414,6,"27.0240745,112.193287"
8ada1724-5a3b-4763-8671-4329efd83e48,4553.176778220685,2,"55.081469,82.385190"
7f64aa0b-b4b7-45dd-b1e1-8e1cec859b60,2772.411227343959,6,"11.378425,104.883117"
a827d150-33db-49eb-bd7c-2e1b3fc3c8dd,179.35294903855498,3,"-72.496572,-90.832922"
009c62fa-bfff-4824-b12b-6be3b02e47cb,2712.6746142446937,4,"-0.404446,-1.850462"
58cd53b8-8b33-4738-b745-5012a070d40c,1792.8010371385383,9,"-17.2249155,-151.318347"
05e8566b-7dba-46b5-8424-d549205ec495,4165.114773979266,6,"38.802952,-146.794497"
3ccee177-dbd8-4cef-a1da-822446877d04,1689.0690974696995,6,"80.9107375,-27.097074"
f3c619d4-35e2-4f67-b1b4-1fccbbb28110,4605.671564906164,9,"-60.104796,107.192894"
f7a4888c-f238-46d1-a441-ca799a37d180,4021.4793134985134,9,"70.4948085,-114.826782"
84e1d856-68cc-48fe-a02d-1336002423a4,2251.222287243978,5,"80.596830,-143.799328"
4850426a-56aa-41b1-8489-df7f74c312dd,1151.990005033799,7,"-16.4134795,-30.229140"
d45b666a-4535-47fa-b4c2-a80bb0f71de2,700.2647382759548,4,"-45.023907,-132.545215"
efca971f-c4db-4d9a-94ff-76bdf79ade61,1357.0709151566132,7,"-35.5466065,28.232879"
495f07ad-5868-40b1-9ab0-1afd83a9728a,3661.480505712061,5,"47.2273575,-3.744973"
e2a66a29-89ee-456c-81a1-0ba5fbddcdf4,2662.5787231189497,5,"-76.2863195,-172.604488"
224107d9-693b-472e-8896-c5a3625fb45f,2563.6660427330025,7,"-73.8303785,-62.190985"
64faad41-4511-4e67-8523-b50bf2254571,1457.7217612070601,8,"-65.208598,137.944288"
0754f381-12f3-427a-a7f6-276184a9d445,3893.4138283703323,1,"-88.0328065,91.363333"
953c91b5-58cf-4164-a681-4455240900be,2719.77269984101,3,"24.9547995,-164.594470"
df942e3e-7f94-4adb-9808-6fb12041c679,3944.894100898292,2,"-67.0117585,-51.042963"
c468abe5-e10c-42ba-8228-9ac92cf061a6,4602.714923775208,8,"-40.7136595,7.449771"
1a55c880-0d02-40b6-a259-8aae1d7318f7,4798.83480310264,4,"-63.9139475,-78.214291"
6a084f4a-36a0-4a72-a69b-4a76dc60460c,2906.5415383223612,4,"-34.6835345,159.576146"
c9195e81-056c-41dd-b7b1-765b3d694d54,2285.171856077252,3,"-27.026993,-92.342715"
a9018f83-78c3-4e1c-831e-7aa56ebab563,3462.9436198699195,4,"-71.2544735,-21.885764"
b9fc19b8-05bd-48ab-8a38-963acc82e910,4902.326780588875,5,"-28.1545045,20.035570"
f2ce5d02-108f-49f6-8d16-e009600aa993,2046.1837799489792,3,"-25.9326585,-151.504735"
f3d5875c-a13d-42e4-b908-8d049d05a118,1714.6907950795453,1,"-19.4279315,-137.675569"
6d98f412-acb6-435d-9680-219c35974cc4,3600.3674488006877,5,"37.439816,-141.075811"
00cc53e8-1141-450c-958e-4474e3a283c4,4387.757809427627,8,"79.182056,52.940084"
8d8d8fc8-b69a-4436-bc69-aff9f2fe744f,2876.715737340341,3,"-74.8557095,166.922097"
382aa891-d712-41dd-8b69-3042f97f9526,2585.3273410670054,8,"82.830046,-100.096037"
e30c41e4-c88e-4d2a-8831-c47c17f587ec,442.1316143208226,6,"-40.220800,49.779289"
d488ba97-8b90-4066-9f2b-abcb1d91c2da,1913.4889981742374,5,"33.630407,-43.984653"
8f5cdba8-4662-44b6-94d6-0c5225895f76,3877.707910850967,7,"69.6313625,-130.773628"
47161cf4-f6c3-4fae-91f1-4bce8198b9e9,830.2383853755924,2,"-59.7943635,-148.661022"
56f9e5b7-b970-4538-9db4-3a75d9335db2,2023.3171530488828,9,"21.610136,-42.124297"
39e92825-d5c6-4078-92df-ff48bf02c115,3500.6608795499487,2,"-21.0535445,-0.966974"
3345dbfa-f682-4923-b532-bc8d6cca1604,3115.1364327118413,3,"20.4421865,-129.810441"
3925a663-72dc-4ad1-8980-12671a296360,2858.4352349180576,2,"46.466622,-47.612882"
a1fab81a-1719-4a42-816f-528fc7187be1,4611.70405568845,7,"23.1591185,163.391401"
2a394c56-e235-4037-a46b-a205596b6cee,4322.8818224406705,9,"-70.2010585,-158.219093"
fb4c0266-e1dc-4439-8fa7-c456115bff42,3126.027474449498,6,"-32.1812855,-117.609631"
5bbf3984-3fdf-46c4-8ce0-660157100762,2692.9703725363756,2,"27.760002,-43.629176"
727183f7-dcfb-41bb-9088-bb00397a9cad,1371.1436420987234,4,"25.5905605,72.097651"
52bdc3e7-9362-48ed-97dd-585a405d27a1,581.9736787548769,1,"-83.0208565,-162.435586"
e317862d-799d-46a9-a769-42c561ffdded,918.1634642856723,7,"79.1807395,53.071931"
4fcf3d59-2f58-4106-93f8-7faa95baf75e,1916.4535456638823,1,"-44.938135,11.580371"
1d7e7032-65a2-48cb-a86f-75ac1793262e,2666.484543613756,7,"-18.986625,114.645639"
b631fa8b-7f3a-4e60-98a6-09de88e7e985,4595.025825456315,4,"-85.0286295,-56.090546"
00ed722d-83d8-457a-8dc8-318df170c3fd,3412.642350121773,7,"-82.535761,-123.944184"
84e6d5bc-4dda-4cf6-acc9-616fe0556b32,302.87298397462786,6,"75.079677,51.639007"
ad791114-0f71-4fa3-be7e-2b5b63b92e0e,3753.29571887844,3,"-89.3670175,-83.092553"
fab6e6ac-6a2f-4919-8980-3309fab32d03,3661.576978255916,1,"78.8373215,-108.100014"
ab8bc03b-c700-47db-b344-1511a0700599,290.4005011826399,3,"43.0180375,111.018083"
842515d0-d828-46e0-8438-f97790a3b0b1,3432.19212674674,5,"45.111994,-56.342845"
387dee8b-c4d6-4bb8-8dad-66d4f23ccecd,758.7098460251678,9,"14.8025155,-76.111726"
02aa143c-8b68-4ef6-9441-78800f1349e2,4039.415108267577,9,"-23.9739675,104.137052"
17f94f24-664c-4394-89db-64b607722a76,69.9474495054144,4,"43.4807175,138.656041"
2f48324f-5c6f-41f5-8b87-801cbc8b6512,1379.3391404953466,4,"60.500231,-31.030128"
4d4a135f-4937-410a-951e-e31ae53578d0,4515.785657313382,3,"85.868494,-147.189476"
62339a19-dbdb-414a-bc75-f2bae01cc3ff,1498.6790094407029,5,"82.6020725,-178.531156"
d5d216c8-498c-4e2d-bd97-2ae24b16ca6e,1525.5156830595902,6,"19.794671,-41.285479"
bda70d1d-822e-442b-a1c7-92f7ce763add,4046.7207362073027,9,"-40.9308665,-107.070645"
62128158-02e9-44cd-894a-4f8c57b16971,4864.98195885639,7,"32.0598365,-99.703814"
82db88d3-36bb-47e4-99c4-cc420b47a756,238.73748953036142,3,"-54.689611,-57.281625"
3d94c697-69b6-47a1-ac50-5bb45cc9c6ab,188.85983782529195,9,"-2.0445645,-179.765781"
58a4b9f4-a43b-4ed7-beed-5cc5c305c4a7,4579.0104496588065,7,"-20.0541415,98.439430"
54ea662f-a62b-4390-8692-92b4f22ab18a,3066.235739012784,8,"-54.4327465,-55.398285"
82234d9d-be4f-4d4b-9a50-4dec02ed15d7,3513.2669652672375,2,"-50.754793,173.049682"
f1d7c9ca-e37e-49c2-9f9b-a6e28edbc141,2975.158073547165,6,"-85.5319655,-40.064471"
44f572c6-4d88-4818-9de1-a66bb8a9cdf2,589.6912229940548,9,"25.937601,-45.474183"
4710dace-1a56-4686-b0d3-ede1abfdcd5c,3868.42125262534,5,"18.547443,164.875757"
a4c2ba31-556a-434f-bb14-524052c430b9,1750.2036222017352,2,"-59.9972795,-13.586868"
6f8cca7c-3fff-4860-8888-1a4b1dd51586,2718.0089802701355,7,"-79.165960,-113.873138"
78ee8576-dc47-49e1-9357-6bab17fcf6b3,227.29842659067438,3,"-4.8357275,95.010098"
339fde07-ffd9-4f0d-bcee-d1bd9e02fab1,4266.635246211944,1,"-1.9323975,-56.923709"
2371bb63-0b81-46e4-b86d-8ce0a4ad6a20,4989.674941980698,4,"-78.531040,6.637485"
805bcdaf-7f5b-4d88-bbe5-6393d929e64d,3926.056898838192,8,"29.184740,-145.301842"
e4fb9ce4-fb60-4a86-9974-1767ce16e5ea,2666.555942305789,6,"-86.806307,-100.724918"
d56e1552-003f-47a8-a682-b469f125ae2b,4743.876853510223,4,"3.1131035,32.178451"
1b64b272-3c4f-48ef-a227-07bebd687053,2517.2457672251803,9,"-18.0184895,134.581946"
b72ee6a9-7e35-4f95-abca-f1a416fa702f,4764.3551943434595,4,"45.7215285,91.088329"
1aa2e185-0453-4255-87fa-62a1f49646d3,4559.051983633968,3,"-71.8015645,-52.794277"
4d197d98-84cb-4e80-98ec-6fba4fc09bfc,2857.511025020973,8,"23.222173,-95.120045"
1598418e-78a6-4f4c-a33d-7df1c6639502,890.7392865931479,7,"50.174203,69.638282"
091c2ba7-998b-443a-81ed-6c0acb1d9fd6,3717.659753287825,9,"-64.6651535,74.797240"
4f6c7c71-24de-4ee8-9da4-28cbe4af477f,4091.4814636451756,4,"65.498479,156.669583"
b2838ccf-f4cb-4eb2-bdc7-a2689f663a30,1154.9200660682811,4,"-83.405101,41.854310"
7289a842-7ce7-43c6-ad73-3ab1b4996584,3501.9179689106154,7,"-27.663400,118.401038"
40dd2090-95b0-438d-a019-50b3ef7f4b92,3977.9920361435697,5,"64.2077955,95.579051"
1aec0fe8-7c6b-45e2-a17c-e1d5b8d6406c,1044.4040361076477,9,"-59.0594095,-68.734668"
a11d9cb4-4847-435a-9253-260a204ab9bd,2927.885887382434,7,"55.002933,-11.962700"
265e3bd3-1b65-49ea-b0a3-539987459f82,4516.028864011101,4,"-22.692827,-158.691460"
52ee91c6-7c1c-405d-b4bb-63b42467d6cf,2463.7690685656953,9,"-29.619060,-164.437418"
419fd2d2-bd5a-45fb-9d16-058ed895a43d,4400.126081654346,5,"-69.698309,128.832870"
ad653275-4475-48a9-a5a4-e5b922de63df,196.02631173555255,5,"49.322239,-179.466100"
064fa272-1daa-4528-bece-d04d0bac5a99,2732.233233023026,2,"12.7669755,-50.504131"
b7a929fa-7518-4f50-a4f8-c53a84a1f29f,1783.4934670461769,5,"16.6980015,94.819857"
be27e041-366a-4fff-92f9-282949ca0905,1387.0059162449966,9,"-60.5905325,-32.735892"
ae417cfe-140f-4ab2-8e47-92701412d4f7,1466.8601378380645,1,"-87.1655645,-133.517054"
aba7c70a-0378-43ef-b963-037eff05c632,2173.2831073934117,1,"-86.425921,-24.439002"
d0105a2f-51ea-4761-bd4c-34e5794ce6d3,1369.1095363786626,4,"-40.396159,83.390358"
c6023e4f-9ee7-4609-9975-6e886c90d941,4760.301525188713,4,"-16.780729,-46.753268"
432aa10e-7199-4cae-b91a-9db339b32c94,2591.013784272667,3,"-27.6611805,71.003600"
06a41ed5-0dd1-4076-ac59-364def312b04,705.9060919728214,9,"51.3269285,-30.280864"
d56efc12-0631-4146-80c9-d7552a2dcea8,2436.7578076879386,1,"89.450233,-173.029635"
019fca05-2fae-465f-adfc-89a7dc77c77d,3933.9118166628114,8,"45.159841,179.645426"
ff3971c6-dcd5-406d-96ae-50a243740f79,3666.5737314022654,4,"-35.8292075,32.861657"
07815966-18ee-4961-8b4a-2c098816b91e,3295.180240647653,7,"17.5616445,-17.629610"
73f9e7ea-26c7-4b34-8d7c-0293bb3d1170,1876.4065282546926,5,"-60.697028,-48.563436"
bb5ee7d6-a07d-45ab-9c41-2a094d3ee0f5,1650.8862673126152,3,"1.8734105,-102.170987"
9ca7ed3c-3acc-4586-862f-71d49246824a,1284.7290747793163,5,"43.681485,178.446933"
ff49629d-3661-4695-b197-36d7240824e1,2495.1564839904936,1,"12.313940,-38.520422"
b84e5120-d64e-439f-9454-cd4ab232db3c,4417.028531469246,7,"-29.694715,81.167694"
97c05e09-7a17-49fb-a972-c424d103f01a,1507.7610876162587,5,"-60.3921495,170.014696"
2d961eff-b116-4b45-b972-69a2e1b01d48,1252.169246254932,2,"40.501108,162.250190"
d10a8451-75d4-4aae-a33b-6922e5a2e3f4,3357.3004991688463,6,"-89.8085835,112.484434"
10ecb475-996b-4ce6-83f3-082d83ca1e64,2785.6841336706707,5,"11.221331,-157.003835"
e47bc00e-d881-42b0-a818-ecc51d0e9d7f,4599.529605223188,3,"21.4619075,-167.832402"
e1dd1f25-9e22-46cd-93bf-48d457868606,1166.990544970992,7,"-89.992559,80.234418"
b50f014f-dfa7-452e-b53d-c68bd5f21959,3383.7559914510953,7,"-51.474325,77.082641"
5b538726-085c-4557-bfd5-ae33332ac566,3950.892412614775,5,"22.5278215,-5.554658"
c3b9bb61-09ce-431c-bd63-1ef3366434ab,123.38467973766686,6,"30.5610695,90.691314"
9f929c6d-fb09-47b0-9fd2-65b784359f43,4418.890329142008,2,"2.304079,-74.209122"
8637d035-a067-42fe-a5f7-400951467c17,2657.4290802728606,7,"-52.858133,-64.797717"
89308ea8-cde4-443f-b413-cf1416ffb24a,3568.6818345569623,5,"31.386550,25.553604"
620d5e64-c795-42d8-9b4f-3541367f8001,3746.0530784627967,8,"-59.3296915,-123.317867"
639c05d9-536b-4714-b855-4ff558dba61a,723.0839823674415,6,"33.5598715,-176.588778"
35eb0da9-e91a-4a2e-a904-016b12d08356,1826.7183423963543,3,"28.020871,-65.589088"
b291b462-ed61-4d61-8451-402858b6c235,144.46675884317327,4,"-78.195394,-19.739543"
15064374-c56c-4b90-b8ad-87294b2c846f,4915.024101297209,7,"71.0666515,-34.979755"
4faecf39-4ff7-4e3f-b1ff-8ef76ad8b94b,2441.927388989505,4,"-6.0302175,123.397795"
6b27b83d-bd35-4a0a-b402-e158a2e6c0b2,2209.7024045127614,2,"32.157230,143.288972"
901e03bc-699e-49a6-8c58-7c30296b0439,3127.4321420325896,1,"-2.8213655,-153.684737"
5cb9526e-b908-4fbd-9726-e933a48dce15,4015.847221749211,5,"11.5050485,-85.705623"
0f6e1912-dbd4-410c-b075-363c8c1f474b,2288.1709139112436,9,"84.4824555,146.309570"
43c1d19e-abf8-4f2e-824e-3fed22a2d464,1635.6573027976206,3,"-21.551959,160.242501"
25f9e3ad-f316-4382-919e-fe886b11c7ca,4638.215920488601,3,"13.154781,167.927313"
a146b1e5-9d46-4714-8b4d-4526c1ebfbc4,4543.716930558348,9,"-44.9684735,102.138364"
7e9a5321-a5b0-42c1-a821-6b3caeb278ff,1302.7780015006927,1,"26.821391,88.876735"
41db3047-be4b-4243-b559-fee9c3484c56,3374.242483666538,8,"32.892078,173.671219"
14d4ed19-01d5-4677-bdcd-3c5c09bee564,1015.4662047116259,1,"-66.7007525,-61.499509"
2e325be1-dc98-4f5f-bcf3-56ae441b33c2,4157.863749674274,9,"-62.6701365,4.430994"
2872901e-c5d4-488c-908c-fc66a5aa7cdc,1525.439154131107,5,"-9.0372235,-108.832142"
bc9a6b0f-505a-47f1-b687-03d4d5608e34,3196.1692027768104,2,"80.4394185,-96.864629"
8cb0fd40-b8e6-43ae-8470-29ebe6ef51e9,759.5259309995877,3,"28.266872,-50.247828"
02672326-2afe-4aed-a13b-c0e7911bc056,4355.528306829814,3,"62.584207,-112.793260"
2797f5e5-e58e-4548-aa49-a41b78d86c9d,1291.6968506695569,4,"-88.350617,176.547290"
d4e4e07d-3464-474d-9087-b6b034f4122c,358.37286433665315,1,"-80.1896725,-32.030772"
f3dc15fb-ac06-430e-9b6d-31a9ecead46f,3825.0009841487586,7,"-67.789892,0.027317"
484f95a5-c787-4c79-825b-745336e7823a,3577.0421383745397,8,"67.3492025,-116.795494"
8babfce5-e1ab-41ef-9a7f-bf2ce9fc587f,2834.7441824146676,5,"38.9390085,-19.223126"
e727bc07-5dab-4114-a13a-158e87c80a12,4645.969252717844,1,"85.8491145,95.532202"
ff7c4538-1b33-4cb7-88e1-d23935be7191,1730.7824688261492,7,"-63.2870235,13.822810"
fcae1c21-63fa-42b8-87b0-8509ad57ee31,1946.7547725172424,7,"60.6270265,15.853529"
ccbfcce7-9bf1-4248-8b33-3159d7d46269,3416.8853499449965,8,"-63.594718,-12.366267"
04af4f89-8602-4450-a9d2-afd4256d1c97,4665.393195446861,6,"-24.887774,-43.460810"
e41a3584-119c-4986-b82f-f7346aa94860,4470.595539521164,7,"11.7410235,139.451316"
4b444848-9fd8-44ab-a28b-d036d79d53b6,4283.615293231885,6,"-7.6334965,-118.431448"
4bc40f8a-7417-4341-9ce4-4158ce4efbf6,363.7968717536147,6,"9.2648215,-48.320417"
a72a6cbd-eba2-40ed-a5ca-2f30394d7595,3446.533609561804,7,"-30.7207565,91.216544"
4061fb7e-0a27-49a2-9dcb-2f4fe3e4b02b,2688.3549978318424,2,"-76.961150,-130.518666"
166fcf4e-44ef-4369-89b8-1d97b2510be2,3018.045143334901,6,"-13.853684,6.545769"
3686e14c-156b-49c5-849d-7a1d06c1003d,2593.529267791163,8,"69.3728965,53.020712"
a2058d2d-f4cd-46b2-a80c-f1e9dfee2579,4021.731316413733,5,"-4.127024,111.721066"
cd8625f6-00ae-4ecd-a1ae-5fcf1b394429,3522.4813259324274,3,"-71.5120595,48.750857"
e18e0aac-e2e7-4305-831e-5071123cc174,1369.1901535306515,5,"12.8051095,-136.388318"
631f867c-a0a9-41b3-b32f-e4e045b2d636,1832.4625200790351,9,"-19.839438,118.022878"
13e96107-3103-46e1-87f2-63ef6a07f335,2055.5626133935853,5,"-33.167531,-133.713771"
c9ba8604-0127-4c4a-9f36-da8745f319c9,3637.8772177268506,3,"-58.089885,67.462286"
9a62762f-a283-4f57-a161-fe026623de11,2417.2228389958173,3,"54.564735,-10.913046"
bca5ed66-c8f4-40fe-b84a-8dc75f37daf5,2419.622164813731,6,"-87.0392275,161.703330"
18347f85-7901-4ae1-9d9b-0128cdeb4f24,4549.527580766261,1,"-3.332902,-173.018708"
4b4a3da9-7649-4d5f-a7c6-30df39c62aef,430.09551483612825,6,"6.826773,63.134319"
ff1c5061-1f5e-49a9-a10d-0d3bba7b0408,4857.961621599473,6,"-85.372741,50.498800"
048eed2e-3aa0-43ec-8a8e-5284b8a7a8ed,4535.375741303933,5,"58.047892,62.466977"
b3e4a2dd-1323-4f34-99b1-34e8c0ccecb6,1092.6004732119263,3,"-18.336615,-119.495648"
7da76cbb-d339-48af-a8fb-a3b229f34a04,3421.588326588432,1,"-57.4962465,3.457158"
7eec52b0-ee41-4858-9df1-d7d7ec147971,4453.007468254788,3,"-37.732465,121.728407"
6ef9cc8c-8396-4261-b1c0-f1e96438ee24,4797.682296660445,6,"-66.207858,42.720859"
058d3539-1440-45bd-bf9b-876f895ae776,2889.8520727583013,9,"66.329875,28.724117"
a6d2a6c2-2e05-4301-86e4-bfb68cb45231,2835.079353673788,3,"1.296340,-93.056575"
7198399d-d4e4-4508-ae1e-d9213d088281,4854.417078381846,8,"24.291079,177.028073"
ce1cf516-89e1-49ce-8f02-ea50fb39c6ac,2488.795527454023,4,"70.4982405,-93.513632"
aba6cc05-0733-460a-8902-cf1e0f51c6b1,4130.731580477419,1,"6.0329685,-103.818896"
4543001a-7a23-4070-acdf-8404b5e57f11,1709.9531581676101,1,"43.7964965,-119.594488"
cc5bf1eb-da10-4e1b-90e1-624092e7a108,3396.2001694101177,5,"-50.7990145,154.568959"
fd6e6ad7-00f8-44f9-a2e0-cbea7ac4cf0b,1415.7487574644156,7,"18.7998545,88.709974"
83fcaaa6-4099-4bc0-8860-33928ecb9445,1628.0908065565268,7,"5.727945,-114.578424"
9d270343-9ecd-462e-a356-cc89f48798cb,3169.711087459181,6,"-30.486137,-151.703588"
d9239304-56e7-44fb-bb10-f80015f75fcc,2973.9521798322407,5,"63.382859,74.880917"
10aae759-5475-4471-9078-56907603836a,4474.424991086263,4,"85.2380605,-43.556555"
4adf9bdc-9935-44d7-8dc0-f19c2c3ca37a,3771.5714096243732,5,"70.134037,-21.778802"
9128fe20-eac0-4b4d-9647-21a8ddeffe86,2059.415576526404,2,"85.2038485,-132.719696"
2b74817c-c596-48a8-9a58-38813203bc32,269.67667721278474,3,"-88.612705,58.410408"
78596158-346a-45bc-ba0e-9349322f1f1c,1127.4574364561336,1,"-84.289194,-4.190464"
5ed092d6-5024-401c-b203-b3c53c7f1949,145.3485596727916,6,"31.514268,-10.450798"
d2345de9-034c-4cb4-a0f8-89274928a76b,4317.235428922498,8,"32.768554,-86.417637"
6b766869-5bc0-42cd-8c85-be81b0183a28,3759.3814526886554,4,"-11.619015,-149.373584"
d0f4eecc-6b89-4755-9055-041556975d9d,510.1526321602852,2,"86.7410575,-57.063431"
4c30510e-d997-44e3-9812-55fc17717a0c,2063.1089819199187,5,"-1.608401,109.149143"
9557263b-77aa-40ce-b336-aeca1663cbe8,3247.8272906317793,5,"-29.148236,144.081538"
88d1c3a4-b07b-49f2-b483-97718052ef04,1145.1902175008934,6,"62.331527,-31.776342"
a24bc016-3612-4db8-b837-9e0c636189b3,4790.383308669814,9,"-78.089610,125.324468"
4d7af480-c4d4-4e26-b719-5fb46f872f88,2504.7309746483766,9,"1.5380855,-77.585922"
894259c6-39e7-4e66-b43d-00edeb39295b,2554.0443156949887,6,"-86.931542,151.304961"
585576a8-43c8-4db0-a16e-a7c130576221,1357.0873012234886,6,"69.6464805,-176.385804"
87907280-47b8-4610-9124-fb55dad0189d,3995.388209772311,7,"17.7024585,149.188666"
c7be242d-2609-468f-9820-67a23c3b4a3e,594.6727836949331,7,"9.158920,87.692879"
f3e2f65d-8adb-4cb0-be6c-bc92745a9307,2216.626565903591,4,"86.179776,61.346290"
ed6c7f12-e3e9-4095-a5f6-f8debb002795,3685.6720841840397,6,"-89.559369,-0.700861"
c3734c26-dd26-4db5-80a4-e1746145d6d6,1710.786297708455,3,"24.8373785,-171.448255"
e8855f35-665e-484d-be55-9240682e8f32,2644.843827406302,7,"81.977448,93.956545"
290e4df8-0e50-4664-a3cd-af1d33526626,474.0358545824074,9,"-41.840848,-0.818521"
9d5ce73f-a298-4cc8-9424-218b767a2e82,4974.423177175337,7,"-56.8657395,-169.299587"
77d8e27d-bc30-4f90-8b15-305cecb2ac3c,482.54362497654597,8,"80.3969435,67.949948"
939cc04e-b575-4ab0-b211-d076296e9e5a,4189.880454034415,4,"-67.0810905,-27.781025"
9bf3e2c2-b627-477b-a377-89f9d2ceaa84,3776.252382281449,3,"-79.0332415,34.853236"
d458a747-704b-4283-9aa4-6875556a0f6f,877.590151772043,9,"23.772564,-90.693951"
2c3072da-f17e-4ec8-83cd-981741686fab,2267.92160213427,2,"-60.6139245,167.539992"
55936e79-ac6f-490a-9a60-03e0d04e6482,1222.3687298539855,5,"53.978828,81.526571"
41079b2e-3ccb-4f23-a86a-bb161e0a7e3a,4648.024064480952,1,"-37.6243475,-108.033284"
0ce0bf44-5526-4a0d-9fdc-b4b4019e2aa1,1371.5137203570948,4,"31.179323,-116.261010"
794be2c7-83ed-4876-b534-7df8e4a5be11,3405.1916039584858,6,"-36.1850005,-94.217183"
5577bfa8-bca2-447b-b447-358d36904a9e,4072.8474872301867,9,"27.916359,-169.951825"
c30fa301-14a8-44e0-95a3-91cd27b1cfa8,1542.6823121121683,6,"20.8175475,18.826822"
a3001919-9a72-459c-9f21-2fbb9ec44933,2267.266143672636,9,"-42.437928,-125.516232"
5baaec33-edff-47cd-9a12-38df9afc5157,3735.399278635944,9,"28.510059,60.495294"
d0708005-0248-4e58-9c08-ae6f2c9a5eca,3902.6033814746297,1,"37.8012965,-0.353272"
1cc04859-f278-4af2-a49e-beb4fe56db09,1640.6044115115874,8,"56.018900,141.802661"
ffa3005e-5294-4bcd-8596-90d1b398fde0,569.1139022726845,8,"6.053693,65.968589"
aabbab65-a15d-4fc8-9787-99a23cd6d8ee,2922.456426393353,4,"38.6807625,-152.936460"
cf289187-fbec-4e2e-98f2-842e7f8a36e6,2278.1332837624623,3,"25.6821975,18.567847"
55969299-cdac-4b70-8064-dd552c29090a,722.5617378225733,7,"86.0692685,-154.977218"
99e9c624-86e2-41c5-88f8-e8f82bb76fd8,2087.9933469511802,7,"-52.227369,-31.299093"
77587ab5-6e7a-4967-873f-c9352c2d49e4,4415.588484463122,2,"-59.866279,-150.435102"
3a9cc230-bbc9-4f34-823f-9df9f204ec34,4358.6831853576905,9,"21.1430125,69.199187"
20582609-9351-4b70-9191-8830c8c568b7,2102.664852931214,1,"-33.787129,-96.505745"
0b0d7d1e-0727-482f-94a2-b29426b31e6d,4086.4133517099885,3,"-77.106168,20.853964"
71e32726-7743-44a5-a3e4-df45043a4969,687.5323845981578,2,"16.5633735,-150.794508"
24a5a29e-6d4f-414d-82e9-a79745f357a4,28.76279617057275,7,"58.6638615,174.813725"
9e60139c-54e0-4acf-b6b8-9b6daffed911,2887.5838135913423,3,"-71.4210935,-70.139580"
5f4439ec-f4cd-4981-923f-2a9c3b7deb85,2828.1989658336197,9,"0.094728,92.118104"
df2010cb-deaa-417e-9cf6-ba8d88cf824b,4022.1989738226093,2,"11.986470,-75.489575"
b5fc6590-ac41-4701-812b-70ad58bc241b,128.5667824146292,1,"47.624523,116.776582"
af201fe9-b8fc-49fb-9cd9-ad0a4bcb9a07,2141.769298155951,7,"29.862366,109.684584"
30878280-e12e-4797-aa1d-13a26fa510fe,4321.30536237047,6,"-9.6729255,27.136223"
38344b87-480e-4bb5-9624-36324b961bc7,2037.6256262131978,6,"-79.091913,138.664616"
a04bcdca-fb55-4cba-88bd-8c485311b227,4202.339115815761,3,"12.529559,-104.840189"
89f0d972-05b6-4056-9681-6db68214c01a,2522.0952159941126,8,"54.9218035,-73.985674"
d221828e-4c9a-4448-9e79-d49e0b4ecb85,4055.134907397425,6,"19.2805885,-8.096247"
bd3d4bcf-d09f-4138-aaa3-9fc4a00bc15a,43.953777876654186,6,"-75.0777575,-166.898290"
cca3e5ae-5a66-4a48-b82f-810c082cb915,4642.193626295676,7,"-87.4941695,63.313071"
5bd314b3-108b-41d2-be97-c2341f2eb3b2,4315.02658001311,1,"-22.4180095,111.479542"
df1897d9-927e-4a17-8451-f660295c0f79,2191.3439466289465,7,"-80.4287475,-54.875724"
5e3afbc7-2bb5-4afa-86b5-b5c424d06273,1120.341558283188,3,"-45.5040635,-12.934919"
b29685c9-fa35-4113-ae30-3cb8b366d5bb,904.3462901037574,5,"-23.922331,91.792343"
4e6e8fff-bb59-49ce-be8c-ffcfb87fbf76,2885.3089190223295,1,"19.004977,168.692626"
110eef94-3ff6-4440-a180-9d1985bd53f3,1890.0348427793551,1,"61.825183,60.460424"
1c3ab533-71cb-4c06-9f9e-6b2f1d5b1bf3,1843.9947683222945,3,"48.6577455,142.181325"
327e2d4e-4a83-4df4-9b6b-72541cf80adf,1851.0645427221034,3,"-2.902275,-107.330629"
b9611877-c98c-489f-953c-4d2347378ea0,2672.282368090102,2,"-85.880684,39.449620"
ec6f4c4c-06b7-478a-8032-c3b5f67bb509,2212.17379992774,2,"48.826083,-24.192616"
8f99ff88-b55b-4417-b1cd-69354c53cb6a,634.8023192318653,8,"16.839832,158.951099"
56f5151b-051d-4d0f-a06e-133cb4c046c1,3489.839926740915,6,"74.421154,138.389458"
9674ae57-d15d-4d9e-805f-8430d5b90656,3493.4529743387707,5,"15.9814255,172.656345"
5f9000b9-1e0c-45d3-a748-a7558f4d34f6,879.5156303483719,8,"42.535818,111.382752"
b37c4f30-ffee-42cc-ab37-0da4aba8d5cc,1849.06024153482,5,"89.355338,170.778337"
cfd49b6b-648e-4c51-8354-5d09d51327bd,930.3051014189897,7,"-21.520619,84.541761"
0012760b-8046-418a-b13e-0cb3f687dc47,4118.957783816133,3,"-47.4991375,-121.767554"
1d942a43-78aa-4676-9f8e-8b27b904e4fb,1019.8561834555132,8,"-73.2704335,-8.346423"
8bbed0e9-9f2d-465c-a525-b3da0f5d7ec1,1067.2975993978841,1,"-20.271848,111.567683"
55fbe487-2e15-44c2-a993-a99b33ada7d0,4991.061514314546,2,"7.225854,-90.083447"
c106ec42-32d8-4e51-a79a-ee77321ddc12,1179.56177502299,8,"76.362560,-26.859856"
5ade62a9-ca4e-4e4a-9c07-19750d62b94a,4164.246265539959,2,"-47.568934,92.511636"
8fdbd6f0-1815-44ed-b40a-8ef9fbcbe78a,1163.920171364591,4,"-43.0309015,-140.972816"
d40267e7-f14f-4efc-83c0-45936d9437b5,1970.6169051467657,1,"33.8312285,37.019303"
05c00a7c-3e24-4653-8872-7150a9b33bde,1121.6072950186303,3,"58.3635155,25.603742"
82a6aa2d-c4c9-4a15-9986-1112d4de9d25,3631.33790229052,7,"83.2266705,-136.342877"
655abc77-31a7-4313-8a49-d34b87151211,2736.307749695899,5,"3.0406715,53.803289"
65d00b15-85dc-48a0-839e-b1665da2aac6,3321.3982444716066,7,"29.5158425,147.446437"
e7375067-dc77-40ff-bb82-d68ddc987596,1076.4203027647116,9,"19.345076,13.700866"
2fb49667-00d3-4173-85ea-0c5ce70ab35e,2027.7191926013284,3,"-78.9452215,75.331442"
4c7caf05-7c42-446a-8051-697397b135e8,1461.377682383069,4,"-27.488647,-136.140078"
72960959-795a-404f-aa0f-fb8d39915635,4742.573658164874,3,"-12.0898815,59.732671"
8711f784-df01-42aa-a25c-6e541d4563e4,1347.5215498187165,1,"-22.050208,153.968252"
c64a8089-77ac-4806-86c0-2a36d42b09af,2861.431844019074,9,"-47.078308,-141.824534"
790e636d-c462-4316-a724-d6997cadea7d,2116.121682509336,6,"-15.5163325,84.056923"
b66b397c-38ba-4a88-9057-a448525eb74c,3403.840852431428,3,"60.8215155,-159.711292"
2b8862e3-a60e-4cd7-bae7-eac488f20069,4879.887147359279,7,"-17.515347,-52.812438"
b1845ef6-7ee1-47a6-8ac8-ad557881d529,876.3462053563941,8,"65.1653535,-59.934832"
e5d937f5-a051-43d6-9c83-c32618ca9ad8,867.2329550700629,2,"-23.3697965,16.354816"
07f469cb-b871-4904-aa17-385f3ea29956,4706.1753049035815,6,"2.3991405,-112.295295"
8580d316-fb7f-4f48-8103-9df494c1ab24,4174.7833382995905,4,"-51.750306,-59.204118"
0b001ebe-3b9e-4c6d-9e4b-a3fed7e0840c,3049.983702435784,9,"-32.749045,138.227521"
66ca917e-4cad-4d72-8be0-056ca16c039e,4859.430749201665,8,"-68.231445,125.953858"
b9b95925-4918-4b35-9f1f-34e2c419f33f,3928.0597578277966,7,"48.3857655,-46.208668"
0165fed0-c2f4-4fc9-bbdb-51dc934f0930,2944.235295410348,6,"-12.5017545,179.356344"
5c8528d3-33fb-49bf-b330-c0b252aebfa8,3960.3580192647905,4,"59.0983595,78.817504"
1bd43d74-8d2e-4ae0-bccc-96e51885b1bd,3972.44442692267,5,"-2.224770,12.646898"
ec88d996-362e-4840-9940-862ac14449a0,2130.702135477919,1,"-57.156024,153.523589"
485fd08d-cc97-465c-b0f9-1f4c7d046b6f,2408.11103020928,2,"-83.139685,-49.534712"
5ea78c44-1635-4e6f-8b87-2f0c0d7dd118,2111.521694658078,6,"2.4104495,167.729943"
0ceb4129-2043-4a28-bc52-f4084b693074,4985.968703238256,7,"9.107085,119.317117"
61f30f51-cad9-487f-a245-6fcb1c39aceb,825.7792739437248,3,"87.316393,28.590271"
1add1a0d-8088-46bd-ae2b-d193c6745e7d,1613.9899931148868,2,"63.771714,67.985399"
c3fe83de-c28f-45f6-b414-37ad4f4aa300,4188.151681768139,5,"25.1266425,-124.199864"
c9e36720-d4ea-424f-837d-fa4f203670b7,1193.3426835460832,9,"-41.9952375,-169.805857"
78dd398e-c892-498c-bbda-fae88127ae21,2255.6859344638606,4,"-43.706079,-134.489729"
49d4d7be-c30a-4ff9-ad4a-b6a8f0787435,3676.661171555275,6,"58.7066755,87.868109"
c72a3eb3-2d06-4b0a-b345-00ed0f85e213,4968.588681684479,4,"-36.2312455,84.395854"
73966971-9afb-4cc2-97b0-563ad77cb449,1595.8586568389067,2,"-39.6778955,9.274260"
7e50310c-0588-466a-81aa-4b28ae39cbcd,1873.6209261466508,7,"24.739317,-33.635054"
03aec6db-d57b-4e97-8c89-1a8b4aa0b98a,627.7485477032636,6,"-80.7516765,-32.159751"
4265bcf8-ef66-49a8-a55d-e3b414e2db46,4187.287537084443,7,"-7.100394,-55.172890"
e2a17ff3-dfea-475a-a5ed-bc9fc05c4bc9,3095.89606676469,1,"3.2756385,-114.750298"
6991e9d6-7d5e-49b3-af04-c2d5b735dfb6,254.082447033967,3,"68.512395,-14.208430"
833704d6-6ff6-446a-a995-bc3574f85088,1105.53765827037,4,"-14.454324,121.940435"
1f251871-fe52-4ba0-a8d7-1b0bfdf8e9d5,1234.3789229349911,5,"40.9636505,77.289831"
fb95df7c-cbf6-4f34-9a50-c1b5a9486561,266.529769230919,4,"-43.1741585,-6.406888"
608721b9-5d1a-424a-8696-8b6b5ec54564,2621.058331380207,9,"-16.130629,-34.729741"
bd938ca4-1b52-4db3-8b15-7ea5fe3266f8,4286.560823116286,9,"18.419482,-49.467208"
cb85f7f4-a22c-43be-955a-86e188c4ca88,2881.963376211765,5,"-49.245052,96.798795"
3634c2f9-4473-40e0-9f93-5821825f98d6,2397.9753241662916,7,"-38.197618,-70.031877"
37b1468b-2b13-4d4d-a31e-ca42fccd73fb,655.2093806837278,7,"3.5102095,132.774188"
333be1f3-ee09-4e7f-bf66-022abe326d70,1107.4172101746558,1,"-63.6524195,146.814693"
0bccd08e-f816-4cdd-9eee-d8e22534ed63,2446.312864581236,3,"-8.2288915,96.926537"
728a0137-d8b5-4a79-8cae-05a71b6a5c1c,4350.202322776188,5,"6.333037,115.278828"
3aec0a94-6dc7-411f-bd47-b196afb7279f,104.86972160488433,9,"3.014687,-137.416064"
31369a1c-852c-4e14-927e-be83cbdb6b46,2941.717869071704,4,"-56.5651975,24.967271"
75667488-ce67-49ef-9fd1-7fd435287dce,61.75589166049602,5,"70.3962715,97.862634"
7a246a82-5db8-4d5c-ac7d-96ae667b5497,4913.448682577025,2,"-13.299948,-57.388623"
be4543dd-bd13-48d5-9ac3-341a9844bae0,4285.040419091895,1,"51.856804,-170.371247"
57971825-1dda-45a7-a49f-6cfa9bce0132,2424.5840348906845,8,"-11.841346,-25.773646"
afa37952-a8bc-4d25-8d80-7c424025fe8d,526.2092993931761,8,"-61.8988375,-168.534900"
91e5c7f5-6589-4761-94c3-3a98b3efe900,1712.958058425417,8,"11.993801,135.805590"
3b7539e8-d282-4b71-bd90-226dad420be1,1214.676704439914,6,"21.8227205,-73.104676"
5d72078f-9b68-4262-8df5-ba58bda2cea9,1894.2422250152772,6,"25.180492,-13.682316"
e0a23c48-938e-4fb1-8556-c9546ec9b584,409.2701923705563,5,"-7.5937305,-112.921879"
fdfbae59-f67f-4b7c-aa38-55c31a6f69d9,577.7727131589079,9,"47.2307815,153.953933"
7c293090-6200-4be5-820c-cc858246c79a,2815.9317048420376,1,"-47.455642,25.241980"
cf22046e-b193-4202-b6bd-b17f5a5b1e84,4484.122216782129,8,"25.3464595,-5.243125"
33b48396-e1c5-440c-983b-4967b8e45b11,4957.54926412254,6,"-60.9407775,134.485594"
628612ce-5f4c-482c-850c-030583cf473c,2005.935722837692,4,"-63.265707,24.380713"
16bc81e8-1b78-451a-a5b4-54936a072f33,4430.641252418036,7,"49.8443195,59.634131"
e93f9959-985c-441c-a366-b3d8c5d582c8,935.7190989561153,5,"38.233446,-83.477669"
a47509e1-3145-4d6d-99b9-a29bb204ee7e,3527.045127003094,4,"57.657183,153.435829"
185ead1f-ce9d-4d4f-b009-f964c04694e0,4964.436522554495,5,"71.222299,83.973111"
40c4490e-16e4-420b-808a-18b0a4e16887,4718.733955694086,7,"50.554890,91.338408"
8d029bf3-7b4a-4c4e-93cd-74869a081ed6,4040.2434102400566,2,"-23.722521,25.242402"
68ad3979-8a6c-45ff-bb2f-0adfae25e7ed,654.371722275538,5,"-43.7422945,-82.313541"
5db88d56-94a8-4f0e-80a0-25976072e5ae,2546.1664478735574,8,"47.9890195,-136.341389"
0b803c2f-e50d-41fa-912c-233d974335f6,2669.8969784278593,1,"-21.2090165,58.249185"
93c81817-0c8c-4368-b831-106d34ed1eef,43.25019056667752,9,"76.2289585,159.931852"
093165da-e6c5-40e9-84e9-b35697a45c13,4709.184682390302,1,"57.359406,136.867365"
b08e6f3d-bc34-486c-b38a-ea19061ce75c,2429.458084826731,3,"43.9298925,-28.240105"
a860d604-f9d4-475b-bd4d-c8b594867fb2,2526.9928893285314,8,"-46.121662,-153.230031"
fe77ddb9-844a-4897-9a8e-c3b277c9b237,2991.2899322178837,3,"84.380413,-11.583478"
a5987302-51a4-4334-92dd-9174d3c2b6bc,4467.596600407895,9,"52.036939,-167.349382"
7c609c54-861a-4180-bb83-e0218a50f926,435.1680463241621,6,"76.2134495,-100.300512"
ef216dce-6df5-433c-9fe7-b75c0c20fa7d,2734.2992052798513,7,"-22.255921,173.013965"
d8b6c220-3e43-4568-991f-b3680bd20388,3602.2846515641127,2,"5.5284975,-163.684731"
9b3f549a-c628-40ae-8266-b136b74b6d65,2479.745555543596,6,"80.1325075,103.493972"
1f4e53c2-d1cf-4f8e-967c-009a44860088,2354.3877921685344,5,"-60.9790685,120.058181"
f115ca4a-89bc-42e3-b728-f07f81932944,2325.6060590711713,4,"-12.992200,49.938964"
98b57ad2-7bca-44bd-9763-75037cb0a1b5,2336.7082549284783,2,"39.742947,104.067553"
b2b3b7d7-e17c-4119-b396-2659b5a0f55a,3387.0245477007948,8,"34.0367015,-129.594782"
843530d9-fd47-4d38-be63-39609904a851,2788.6290001601415,2,"-42.208284,-54.630059"
e1a6832a-9ff0-4ea0-b01b-e471b66443d4,100.46690861216851,4,"44.675050,-154.009659"
005453c7-d9d4-406b-80cd-2f62ef9a21b8,3734.8723366499084,1,"17.209515,-119.710218"
31a9f78b-4089-4b80-9e02-a64e5f0246f4,168.3094214263351,5,"46.1011305,-30.113500"
2a1e80b8-d012-4107-86b8-adefe24c80dc,2890.2980521256254,1,"-61.8282515,138.219651"
458314c2-7f1c-47dd-8d8b-55bb27e9dfb5,3703.2360877641295,3,"-31.803870,55.841385"
f2ac61cb-c9fa-4f7f-8788-4e8115d4be4c,4583.344310939869,5,"39.6777035,34.190223"
a2530b2c-4ee4-4c13-b4d8-25387d0d12b5,2643.0162238263265,7,"-60.2807095,58.538023"
699b3dde-759a-4a77-bd04-aebdd5b9ec9c,540.4778162383334,5,"-39.425618,-141.407351"
3c302a6c-a372-4899-8c01-3dc095b5c9e3,2573.823485687774,6,"-83.3510545,8.401504"
485f9681-f9c3-4fb4-a1c8-6c517801ee5d,4125.064808616588,5,"61.0651565,-117.756359"
9b4ca97c-2b9c-456c-bbd3-a988e46dccbc,4995.643741687624,1,"-88.528470,-65.601218"
1cd1bb13-c0b3-4b28-9f8f-1168ffb00b47,222.20394760194768,7,"5.035775,129.933562"
350cb250-713c-45d8-816f-831625e06503,4722.741270974916,3,"38.750815,-62.357614"
a2d73a44-cacf-4637-93fb-d2821142c716,591.3127347266231,9,"23.275623,-146.042431"
4d33426f-6ff1-4987-a27a-c3297cd42d40,2544.8803841047206,7,"42.7133355,60.632536"
2771ba5a-55e7-4c3d-b808-c92893507637,3394.390223302598,9,"84.496805,168.002485"
68683dbf-20e7-4bea-9b69-3115cc6fbaa2,87.99487512827957,1,"-38.848800,-4.487603"
c03f16d5-a654-4a58-b9dd-20c14e58a0c8,1395.7770315279008,7,"-25.923732,113.279661"
7dae88fa-3099-45e3-8488-693626902ce5,2376.72155130643,3,"-56.495461,-63.060431"
8b63a611-df41-4ab8-94e9-5e7a59284fb9,4746.766880859743,9,"-45.823555,-79.875891"
6cfb9db4-b571-4378-be77-e1ec4ff7a72c,2724.258175354405,8,"-23.6607805,101.403277"
e6f8cc0b-f0f6-4bba-8e00-b47c5c504b16,1075.8500840002805,6,"49.028175,-63.126654"
60e8b345-5d9e-481d-8a1d-6153a6367983,475.5278020695171,7,"81.4305645,-130.547334"
6053b94c-d7c4-4acf-af08-5d018af77a12,821.4175261321586,7,"27.370054,-14.740100"
d7a9c8de-eb44-4759-b8c5-d6c132bedd54,2588.837270335811,8,"-46.8868605,24.910798"
2b0b3aac-8fa2-4f94-9c77-70e4e2b4e4f5,1566.2532899250689,5,"-46.096113,-77.960621"
61b4a2b9-9497-4d42-b613-c0d54c244a55,667.8863416350155,8,"-71.937586,117.871031"
01096583-39ba-4f30-b744-358061ff653f,2375.783059628003,6,"85.714730,53.915143"
5c5d26b3-6dfd-438a-829b-a42be8ddd75f,4083.331100069661,2,"87.1662405,-29.127479"
1317e45f-9da0-4a67-9437-21529c028eb7,4651.078682372992,2,"84.5025345,96.154731"
d5b3d8bc-2acb-49dd-ad90-e281bd5a6e17,469.5777329585903,8,"-78.100106,-77.307911"
e69f53bd-19e1-400c-b4aa-7a9b745b1e14,2826.213707912909,3,"17.423589,-66.932863"
2020c69a-f087-4951-aec5-20adb2c9b0ca,3976.0410265662917,1,"-89.106419,-30.120881"
416b8087-d996-4369-9145-1bc9ab4db4db,4984.287994897492,6,"42.944001,87.905842"
7d9ff1af-908b-4313-af4b-90cc2ba691b8,2318.74539118153,8,"-56.267411,-43.585665"
b53eb6c0-342f-4a5c-8947-0f0a433ae1c8,2322.6136415555557,7,"-34.9102195,177.702212"
19d16743-aa7e-47e9-a782-256a10292147,2988.8834473436223,4,"-22.011258,-32.803410"
f0dd5b04-0e3b-4345-99ab-bc1e9d46a439,3329.4196609062546,7,"-25.5394485,-90.880936"
699d1191-1d71-49b4-a2ef-04e5ed86f096,4842.841227321397,2,"-45.7427035,125.454321"
fd67eb1d-7b34-42e3-a9ec-307ee4ebebe4,2125.8515891931015,1,"3.2467295,93.562803"
760f3e2c-2780-4844-a28d-cb2b68adaf29,757.3290750598544,9,"-9.003016,-42.152968"
6d2b45ab-8509-4c52-98c0-54ae07dfd268,2954.9338899521335,5,"80.7130075,14.888053"
0d5b0e75-2908-4702-b659-76baaa87df44,3777.1281668171564,8,"-58.6533125,-123.623528"
ded10e5a-804b-4590-991d-48982cee657a,1310.8117249404197,1,"-24.6878245,-58.647810"
7b410e6f-a81d-4765-bfc1-77fa95ba971f,3624.9803987864316,6,"-48.535290,-62.303751"
4394925a-da0e-40b9-a0d8-1cb12fb2e89b,715.5447292475939,5,"-29.813618,-101.010303"
deb52df4-635d-478b-b5bb-45934a5f53cd,829.7664535646551,4,"-35.6195415,93.018449"
13f07648-fa84-447a-86e1-067c8aedfb4a,297.025743726902,5,"0.912580,-160.325664"
ee82abfa-5b64-4d72-93b8-3aa25b325a38,3401.500366397036,5,"62.396092,100.338325"
52b1e994-02a9-4ea5-8481-c3d6c16881cc,359.91235373146606,8,"23.2770025,159.191848"
a70bbfb2-efb7-457b-b0e8-0711e57b667b,1424.2704896964249,4,"68.8373735,171.107059"
64470935-3a01-42e1-b298-df741e23e99d,265.1353302120038,2,"-87.888419,-96.377300"
c92e1aba-4b4c-4dfa-ad7c-7fcc4f8c2947,88.01553970086574,1,"-20.8186375,-37.758018"
ed52c11a-0a06-446f-8fa0-1d5e2b7c0b88,4009.062128964721,1,"-85.4031645,10.598462"
6ecfbb12-e805-4275-9cc9-fae5440a9eda,2982.9890376101534,7,"68.206557,141.689197"
3891024b-8b64-460d-9c56-065adaf2b966,2961.8550660860246,8,"36.6207615,-172.220868"
57793eff-dcfa-4b3a-97a8-c969a92a4621,2048.066126999529,8,"45.2449815,137.482589"
94a9e046-ec17-473b-85d7-6eeb5bbf5ba1,1316.8909709482443,2,"-12.9590805,-16.905103"
d542259e-bb65-4ac0-9cd2-ac55441b3b84,1206.6380280926855,3,"-19.1848485,88.914434"
6c855f79-a027-4bce-94c4-ef78c996c39f,4114.453953758839,4,"-4.8290515,20.062695"
5e535123-ce12-49e5-b31e-df6bb696a3b2,4131.017837786112,4,"-43.9525545,-18.405894"
8d405aea-a380-4b06-afcc-149dc1ae1033,2510.4660014000574,9,"-44.5812945,-45.526457"
d0fbefa9-2372-42e7-ae9f-b8d8f1fbf061,1969.2167359530683,9,"84.3645485,55.659740"
88fe8a07-72cb-45fc-a259-d43897ce1ff9,1735.3620671971382,1,"-13.217730,-125.941626"
bc9bb304-206b-4513-80f7-2842fd85c2a7,3815.3255160992358,1,"-59.5646145,168.488469"
96adedc9-d29b-4050-836c-ea4e0e175a02,1932.9535467782546,9,"-29.441889,-102.035016"
b53c909c-4071-4115-a2ce-b88cc62b5ff9,3766.511162847468,1,"-61.0399265,-117.356866"
7504d3e8-20ed-42f8-9ee5-914d14d54ea2,1192.7524396222016,3,"69.483774,-106.616038"
c1f14d3b-d155-46fc-a28e-2fb6a92ef113,738.0892866781378,2,"40.787469,33.170661"
0431832e-04dd-4af1-b383-6e3ab35bf903,2915.981482694097,8,"-84.970464,134.834051"
eded39f0-300e-4e5b-97b0-a4072abde780,1786.8580142653075,9,"-54.878739,167.453417"
488a1477-5d0e-4cff-8522-1706458cce53,685.3229625588446,5,"-89.485164,129.093534"
29327efc-d2e8-420e-bbe2-bb4e978c412f,4783.460967609971,5,"32.6439785,-87.792703"
2eb33ed1-1759-4a3f-9252-d0f3acbfef7b,4447.372780083122,2,"-14.772775,118.007766"
40f59e96-75d2-4a0e-ac39-9855cd16af33,1236.6419319045958,2,"30.941654,84.908542"
6d3693ff-1a78-4905-bd4c-77daed456e7f,168.88421393826835,2,"58.4136255,5.775340"
3e87198a-4c47-406e-a9e0-ce7e760a3f02,2208.9349617492876,6,"-14.879934,89.608233"
1ff0a445-8f9b-4687-9d8d-b7b438d5849b,3186.2087909386937,3,"-9.5930405,39.665672"
3bae7b4d-2bf9-4e26-81d6-8e95a582517f,2975.0289902192626,8,"-12.9270065,115.640714"
3d384bcf-cdc4-48d1-b8b1-824f5454838c,4090.909544548607,6,"-86.4119835,119.812505"
90a0e600-1f74-43f8-93c3-8c14d271a4e9,3945.9183593569473,4,"25.1253915,-46.745606"
e3607c54-c6ee-4a64-9b8d-9b2e309bd01b,704.1749571921441,2,"-46.1802685,-113.231340"
467b3a8e-f954-4161-9d2a-9f90e94bef40,1232.7704352349572,7,"-35.8305805,-48.610797"
4f6a6774-db4f-4c9b-857b-912a41296334,3160.2665499303725,9,"0.0227375,25.952148"
96f445ae-809d-4f4a-97d5-a32ec76fd0ba,4395.123063934309,6,"-77.615982,-30.736494"
f81b8c06-54b6-404d-b543-26de93d425cd,3676.6321414211293,5,"-64.0353335,143.123030"
b5e194db-fc58-48f4-977d-f388ed94b2bf,1671.5770544307761,4,"-18.463717,-2.843693"
1d66ef3b-e955-44f2-8389-f0f51e94af94,2174.7653308800086,3,"36.933837,-67.893042"
ec927fec-abae-4a90-9d2f-a6600cfaced5,625.0214120373075,8,"-29.2653675,164.621611"
aaf4d95e-93f6-4602-b878-6afe9481ebea,4310.974244563457,5,"-74.3489685,-156.650862"
f75e149d-e3ec-453e-a194-fe6dca23d3cc,54.13889896680556,3,"-9.490781,-51.264354"
b1134ba8-735f-46b0-b24f-d0657a4105a1,2856.5027198020484,6,"-56.023955,8.554300"
5d62660e-489b-42ac-80ce-ac633fb26df4,4679.029369205983,7,"-44.878120,135.369603"
48287dec-f3ff-4d49-bbd6-ce4c46038caf,747.3989868820134,8,"8.139851,-25.379665"
80684a47-8458-499c-a48c-5b49ab6b8b2f,2122.3337344598212,8,"-33.1697965,44.081377"
36bce6fa-a0ad-4ef8-a3d3-8f25e7be1a59,1143.7908016022234,4,"5.292751,-125.646571"
098e8c23-24aa-4d63-8db1-08c30d8537ed,1175.6582686233503,8,"-56.7253365,-81.978321"
de4e1358-93c0-461e-956e-e7b70045751f,3707.679052521791,5,"28.966852,148.396160"
a7376d28-fa3e-4fbb-a915-daeb363e9543,3660.8756757385704,7,"-65.6264895,-173.100329"
5fa9937a-cf96-4a28-8108-864cbac817a2,1613.1682095022895,5,"10.8960545,-95.087176"
0bd55a31-99ff-4199-85dc-a7cde5dcacfa,2748.505590363978,3,"-56.827864,-144.648222"
d1ef0629-55ed-45f2-a170-1b17624f2ef3,2004.8712228693214,6,"68.619992,103.965288"
aefb69fd-0a3f-4e31-8db5-519746c810a8,415.82643518399965,7,"-13.6398015,83.708059"
6f3a4e6a-493f-417c-9b1a-a47531c092d4,1328.2460114722915,7,"2.3697475,125.700515"
0bd7e8c3-dd41-42f0-b3c7-9ee3c2031d75,1446.6208627313872,8,"49.8647895,15.230453"
ab857455-6d10-48a0-a0c7-146115eaa24c,1416.2882733782735,8,"20.761646,-68.957910"
2e3bbda1-ca33-4cc5-96c7-c6b3964b0850,4611.449364663425,2,"44.300844,178.636206"
e98d3d3f-a6bc-4c7d-911b-7e829b6f962d,793.1489067255314,8,"12.0661265,38.368803"
82d60902-fc3c-4d5e-8246-82d2b1e3cc77,3370.6060167987357,8,"79.850485,-151.391611"
18abe4c6-4b73-4db3-acac-8b4a08176cea,3320.684185889876,5,"47.830877,154.841502"
2205a541-d196-4b7b-8724-2b561f9234cf,4261.6078559030375,4,"29.908756,-176.487877"
6e37b0c8-46f1-445e-b4d6-99d557a84af0,1050.7436202768615,7,"48.351468,174.369247"
7ad15ee6-457e-41a3-8118-e84615e1f824,4002.1437375836604,3,"-83.5455115,124.682248"
33442110-0fd9-4449-a269-c24e4c049be8,4566.797594541395,5,"21.940578,-40.613219"
0d1e9e86-b01a-4dc8-8a54-ca7e7bd99cd3,4722.459359904699,4,"-57.2807025,130.272559"
a55157f2-97db-4381-b829-47387f829dc2,4627.188662879622,4,"46.874062,-26.410135"
2652c9a3-a36d-439e-a6d5-574d61db1bb7,3649.2777899368493,9,"76.281132,-62.817932"
c203b592-f90f-4af3-b05c-f64b6d25cb4b,4150.052824321645,7,"-40.0357625,-44.582301"
1320bbf0-eafc-4010-9044-8c4faa80e9d4,3854.7680111031154,7,"-21.002989,-13.374093"
11a8b375-2b0b-484d-97c3-3f29acfd20cf,3711.659922018855,7,"22.3160145,-163.380066"
7c1bd34f-202b-4b8c-98fc-8f10c506a11d,3699.7154893701017,4,"31.1678815,-128.730213"
937ab925-55df-400c-abc8-3c03c728473a,466.04394578065836,3,"-69.903721,145.665806"
da81428d-4497-4890-b0f1-1f9facb1032a,3284.3262217865695,8,"8.683500,-35.338619"
a00ed2ad-1465-4186-be4a-b87c85fa430f,1889.4783851296368,3,"80.5092405,178.921242"
b30e9ba8-b889-4aff-887a-e32aba2c9403,4448.353056056554,4,"-21.661549,-101.320014"
a94eacdd-38d7-4c18-a8fc-25df5ef61a37,2882.3057663169084,2,"85.910159,-52.144373"
bb6a6dfa-25da-40f8-a597-944955277d36,3661.6474898523343,2,"-79.436425,-113.920473"
673da0c6-ec4e-42a9-aff0-d2947aa34a1c,4559.699091090973,5,"20.504052,161.705170"
55ee25a7-abf4-470d-beff-874d7257c455,4348.11603268306,9,"77.784539,-81.303079"
97df96d3-dc03-40ed-a543-6364dc83a5af,2436.3497541821102,7,"3.3344505,-164.226792"
fdcc1742-004b-4c9c-ae94-acdc859fcd8a,2502.044663740899,4,"-39.0609435,-35.436855"
545cf60a-df8f-4ebb-bf92-a17c36b8cf07,2688.8839937660664,8,"-24.623159,46.189986"
03663cdc-0be2-4288-a384-51b0f6ce33e2,3521.296080005508,1,"-1.106842,100.025825"
4d78a94c-b65f-4c9c-af88-32ffb2d28353,523.1216617396454,4,"84.9723055,-112.085119"
0f9afd0d-031e-49e6-8787-2e08d64af5de,2994.4601149073537,6,"67.7851865,178.763923"
793d5918-2a27-4740-b5ba-3f8e84f23e74,784.3743382910017,3,"-54.2275445,-84.673654"
a68423a0-3829-464a-9cbf-f565a74e2e88,2799.454838322502,9,"-57.5799145,116.507836"
1e14f9f4-7a5c-4094-80c9-38f6781fd5ec,3350.4477580304238,1,"-40.8275635,83.314228"
28b596af-d974-41bf-944f-b5a91e651d0e,2685.736706351392,9,"34.895420,-157.014783"
24442734-f659-4498-8394-ce0a422ff4af,2807.4937311289564,8,"-70.051219,-73.099233"
e308989b-a83a-4138-92ff-ff5d803f8601,2202.760055747566,7,"-66.3728825,161.082126"
5b79d331-34e9-45a2-9d08-b2263b38e69f,1936.008910785524,7,"0.752138,-20.796868"
ac6d6094-223e-453f-b930-a4fdd8dbd983,371.42660537977474,5,"78.629060,-21.907163"
f06419e7-a2c5-43a6-8b1f-22b75d5ec787,912.3239188176562,7,"-24.2825075,158.367077"
7dd0cab1-4717-4203-bc74-a08fededa643,1167.7795844533682,9,"11.281217,135.115765"
721e69b5-e225-4f2c-8d74-898fea8717f8,1901.35736086587,8,"56.720665,-117.013409"
64e9df42-f394-41da-8f99-1e92be3c24a4,3795.821100305743,3,"74.134768,144.543595"
57297e9a-4f81-40ed-abd8-454c36e6864b,4224.4750022973,2,"-18.910602,72.122283"
a9647f54-69c8-4f00-8286-7a75788e0e62,781.0537247196338,2,"3.103332,-156.207891"
2dc312f6-9222-490e-b2d9-e06c02f56860,879.5570728628419,3,"-35.4212765,39.313566"
08d8a790-bcd9-481c-a59f-14c0dd79be20,2429.932063022509,6,"74.0781355,123.411086"
4d212b34-9ddc-44d3-8378-fb08f63b822b,527.1748734859426,7,"17.1784005,-0.581835"
355fb432-f99f-4e3e-aa27-98c5e5fe1912,542.3444673710571,8,"81.3489355,29.419335"
da574166-fcc4-41ef-827b-1f970a2f5ec9,3681.87343723215,9,"29.879419,-69.240375"
3a3ae329-d5cd-48f8-a2be-c46cf3b9ac2c,1411.8405973547885,9,"79.9081245,-51.442340"
df51683f-af11-436a-adde-7ce494c185bf,2693.858416234563,4,"16.299916,-91.774838"
bf1b5cbf-2211-48c4-bb10-7d24355ed649,453.31073638502744,6,"22.2071855,96.024103"
8b5b9983-81ef-4439-a5f4-b419ba850ab1,1829.606071494671,9,"23.0330365,94.374742"
af96e205-818c-4d30-846f-464f0bff64ae,1086.5633332217553,7,"-14.1012385,-121.727513"
27bb7584-b8d2-4249-8f0d-877c9bac1889,752.7053129525347,5,"-39.988192,152.049806"
04c7b7cd-6fe9-4163-9c82-ccc6d7f7060f,1953.2174567775114,8,"-44.844124,-16.699435"
681d1c9e-847a-4818-8bf1-396626a61596,2447.084679762887,3,"-75.695560,-13.272435"
a0c5aa64-7c06-4d9d-9ed4-c342fcdc5c71,4982.02127692788,2,"-0.251921,-113.476366"
d2c367b3-d0b3-4ced-9b9c-fa52db221d87,1952.8080511813803,1,"82.1012315,-152.004573"
cb002dee-9edd-4e95-aa3c-b35136421b34,642.8078503278288,2,"88.870833,-95.369897"
c73b493f-0bce-4dbe-9161-b988dc44ee92,3642.166067115541,4,"68.7358225,166.125884"
1b572073-feb1-4752-8372-df12970dcefb,1930.0406554633278,8,"-44.1819225,35.515193"
41fd2759-05d9-4853-818b-61963c2f2658,1247.1157161168917,7,"-24.706248,5.128529"
9efa839d-eac4-41d6-8a7d-d72c5f40824a,4930.861439243223,7,"14.036860,29.852899"
bac140e0-d24d-4e1e-8673-9c0be12408fb,227.02814093316042,8,"75.933226,-7.086234"
3d1ba070-5c62-4a19-821d-015a54fa2d00,1515.9251115219106,6,"-25.2140645,118.670080"
2fcd8679-5d23-4d0f-a11f-10ee541b3966,364.8594361354779,2,"-49.522469,116.632572"
bb572175-d3bc-400e-b398-1dabdcb2ace4,1429.2027178648032,1,"-78.0676615,-147.299082"
3e0836dc-027d-4bee-b968-ffc9c3d77d31,420.50313173846916,3,"-31.948991,-8.980296"
603b679f-02eb-4e0b-9033-653238b0e077,1755.4718508810593,5,"31.2576245,124.345860"
405435ee-8acb-4979-9616-06c5ebcfcb4a,44.26854974465899,8,"-57.6726165,39.375622"
df310ad2-d6f4-44f7-b5de-1adbc4caa550,722.9759704332005,8,"-24.654219,72.432331"
c18d27f9-de92-4a1f-97c9-7b588716ed6a,1374.901840986676,9,"27.594504,28.716135"
5e0b78f5-47fc-48ae-b5f9-61f7bafa80c2,1924.612879702964,5,"-6.5205905,73.724334"
d8a77f21-0247-4ff2-8d76-eb6e1f11a77f,2114.805834318878,8,"-22.555094,-141.018871"
3d028afd-cfa7-4d33-b37d-a573e52671d4,3726.134464382881,1,"37.117321,114.629735"
5f38e8ed-de35-43c3-9dc5-3269c49fd11a,4594.4895757360255,4,"5.190780,1.415229"
e9893670-90d6-45b8-abf0-87e1fa495840,2759.2639915626933,9,"-87.833886,-65.799517"
